date,high,low,open,close,volume,jdate
2008-12-06,9249,9168,9249,9178,8539624,1387-09-16
2008-12-07,9178,9130,9178,9130,11752353,1387-09-17
2008-12-08,9103,9080,9103,9089,15299115,1387-09-18
2008-12-10,9072,9024,9072,9024,15689653,1387-09-20
2008-12-13,8973,8973,8973,8973,31428174,1387-09-23
2008-12-14,8964,8907,8964,8907,33424537,1387-09-24
2008-12-15,8904,8891,8902,8891,15030721,1387-09-25
2008-12-16,8891,8866,8891,8869,15206608,1387-09-26
2008-12-20,8862,8854,8862,8857,9680384,1387-09-30
2008-12-21,8861,8852,8857,8852,23942447,1387-10-01
2008-12-22,8841,8832,8840,8832,18510368,1387-10-02
2008-12-23,8830,8803,8829,8803,16750639,1387-10-03
2008-12-24,8802,8792,8796,8796,15493315,1387-10-04
2008-12-27,8796,8785,8785,8787,36809581,1387-10-07
2008-12-28,8770,8758,8770,8758,22322193,1387-10-08
2008-12-29,8752,8726,8750,8727,37152907,1387-10-09
2008-12-30,8717,8690,8717,8695,29866547,1387-10-10
2008-12-31,8694,8654,8694,8656,15827037,1387-10-11
2009-01-03,8656,8637,8656,8642,15850479,1387-10-14
2009-01-04,8629,8619,8627,8620,9364342,1387-10-15
2009-01-05,8616,8596,8612,8596,34895535,1387-10-16
2009-01-10,8593,8576,8593,8576,17954374,1387-10-21
2009-01-11,8574,8542,8574,8542,17591612,1387-10-22
2009-01-12,8536,8518,8536,8519,38577406,1387-10-23
2009-01-13,8521,8461,8519,8464,21786228,1387-10-24
2009-01-14,8471,8453,8471,8457,27901910,1387-10-25
2009-01-17,8458,8450,8455,8458,41437444,1387-10-28
2009-01-18,8462,8449,8449,8460,41438920,1387-10-29
2009-01-19,8471,8451,8451,8467,50872473,1387-10-30
2009-01-20,8521,8469,8469,8497,18145974,1387-11-01
2009-01-21,8520,8495,8495,8514,18216417,1387-11-02
2009-01-24,8564,8514,8514,8554,104929276,1387-11-05
2009-01-25,8550,8518,8547,8519,30934413,1387-11-06
2009-01-26,8517,8506,8517,8507,24238918,1387-11-07
2009-01-27,8510,8505,8506,8509,30858309,1387-11-08
2009-01-28,8516,8496,8516,8506,24122310,1387-11-09
2009-01-31,8509,8502,8507,8508,19555340,1387-11-12
2009-02-01,8518,8487,8511,8492,45910132,1387-11-13
2009-02-02,8502,8493,8502,8496,23994605,1387-11-14
2009-02-03,8497,8481,8496,8483,19609854,1387-11-15
2009-02-04,8485,8462,8484,8466,30228102,1387-11-16
2009-02-07,8468,8444,8466,8451,24161523,1387-11-19
2009-02-08,8453,8438,8453,8438,25955001,1387-11-20
2009-02-09,8440,8424,8440,8424,20913900,1387-11-21
2009-02-11,8434,8424,8424,8430,12368889,1387-11-23
2009-02-14,8433,8420,8430,8420,14432290,1387-11-26
2009-02-15,8423,8413,8420,8413,16758928,1387-11-27
2009-02-17,8413,8390,8413,8390,25790685,1387-11-29
2009-02-18,8390,8377,8390,8377,12942983,1387-11-30
2009-02-21,8376,8356,8376,8356,351708793,1387-12-03
2009-02-22,8354,8291,8351,8297,45390914,1387-12-04
2009-02-23,8297,8266,8297,8266,34248906,1387-12-05
2009-02-25,8266,8249,8266,8249,119714998,1387-12-07
2009-02-28,8249,8236,8249,8243,117681460,1387-12-10
2009-03-01,8244,8226,8244,8227,58188667,1387-12-11
2009-03-02,8226,8216,8226,8216,20240217,1387-12-12
2009-03-03,8215,8201,8215,8201,20748533,1387-12-13
2009-03-04,8201,8184,8201,8185,15900708,1387-12-14
2009-03-07,8176,8134,8176,8134,15883220,1387-12-17
2009-03-08,8130,8111,8130,8111,18241229,1387-12-18
2009-03-09,8112,8096,8112,8096,14195437,1387-12-19
2009-03-10,8136,8090,8096,8126,24876844,1387-12-20
2009-03-11,8136,8127,8132,8130,49010484,1387-12-21
2009-03-14,8133,8119,8132,8120,47365027,1387-12-24
2009-03-16,8128,7972,8120,7977,77539252,1387-12-26
2009-03-17,7980,7965,7979,7972,92511733,1387-12-27
2009-03-18,7975,7955,7974,7966,82347367,1387-12-28
2009-03-25,7966,7964,7966,7966,8287992,1388-01-05
2009-03-28,7967,7962,7965,7966,10809009,1388-01-08
2009-03-29,7962,7949,7962,7955,20214777,1388-01-09
2009-03-30,7970,7955,7958,7970,16563010,1388-01-10
2009-03-31,7991,7976,7976,7989,31654393,1388-01-11
2009-04-04,8002,7987,7989,8002,22199439,1388-01-15
2009-04-05,8006,7994,7996,8006,40876741,1388-01-16
2009-04-06,8049,8010,8010,8049,30413756,1388-01-17
2009-04-07,8078,8060,8061,8078,37834725,1388-01-18
2009-04-08,8111,8082,8082,8111,26395865,1388-01-19
2009-04-11,8154,8118,8119,8154,23747070,1388-01-22
2009-04-12,8176,8166,8174,8176,51329456,1388-01-23
2009-04-13,8204,8190,8190,8204,57739444,1388-01-24
2009-04-14,8252,8236,8236,8252,73334747,1388-01-25
2009-04-15,8262,8247,8247,8252,39761013,1388-01-26
2009-04-18,8290,8251,8251,8290,63018011,1388-01-29
2009-04-19,8348,8306,8306,8348,71853075,1388-01-30
2009-04-20,8431,8351,8351,8431,99531564,1388-01-31
2009-04-21,8436,8434,8434,8435,16217968,1388-02-01
2009-04-22,8485,8458,8458,8476,81308188,1388-02-02
2009-04-25,8498,8468,8490,8469,62495536,1388-02-05
2009-04-26,8523,8470,8470,8503,62867611,1388-02-06
2009-04-27,8521,8503,8503,8518,54260348,1388-02-07
2009-04-28,8534,8527,8534,8528,121128789,1388-02-08
2009-04-29,8547,8533,8547,8535,40967613,1388-02-09
2009-05-02,8552,8517,8546,8548,48290510,1388-02-12
2009-05-03,8595,8557,8557,8585,56880538,1388-02-13
2009-05-04,8639,8624,8625,8638,58462401,1388-02-14
2009-05-05,8702,8693,8693,8700,76206622,1388-02-15
2009-05-06,8774,8743,8743,8774,48955870,1388-02-16
2009-05-09,8872,8830,8830,8872,45697465,1388-02-19
2009-05-10,8930,8878,8878,8930,59449003,1388-02-20
2009-05-11,8990,8975,8983,8990,211609077,1388-02-21
2009-05-12,8996,8966,8988,8968,128913971,1388-02-22
2009-05-13,8938,8924,8938,8932,90427284,1388-02-23
2009-05-16,8923,8883,8923,8888,77885285,1388-02-26
2009-05-17,8933,8858,8896,8919,80567706,1388-02-27
2009-05-18,8967,8930,8930,8964,58056462,1388-02-28
2009-05-19,8978,8956,8969,8956,220321066,1388-02-29
2009-05-20,9006,8968,8968,9001,140575850,1388-02-30
2009-05-23,9043,9001,9001,9042,50508722,1388-03-02
2009-05-24,9052,9016,9051,9020,195181149,1388-03-03
2009-05-25,9017,8971,9017,8971,100958459,1388-03-04
2009-05-26,8967,8935,8967,8935,110291336,1388-03-05
2009-05-27,8954,8937,8937,8954,43891861,1388-03-06
2009-05-30,9002,8957,8957,9001,61796820,1388-03-09
2009-05-31,9013,8998,9002,9001,78904182,1388-03-10
2009-06-01,9013,9001,9008,9006,89171028,1388-03-11
2009-06-02,9033,9010,9012,9032,63475940,1388-03-12
2009-06-03,9082,9049,9049,9082,69872316,1388-03-13
2009-06-06,9123,9104,9104,9121,105222195,1388-03-16
2009-06-07,9195,9144,9146,9195,130893227,1388-03-17
2009-06-08,9237,9199,9199,9236,74538651,1388-03-18
2009-06-09,9280,9240,9240,9278,51482053,1388-03-19
2009-06-10,9343,9300,9300,9343,109826144,1388-03-20
2009-06-13,9385,9365,9367,9365,213973005,1388-03-23
2009-06-14,9371,9310,9371,9310,129127083,1388-03-24
2009-06-15,9310,9299,9310,9299,81531960,1388-03-25
2009-06-16,9296,9271,9296,9271,50257544,1388-03-26
2009-06-17,9266,9247,9266,9247,50503100,1388-03-27
2009-06-20,9250,9242,9246,9248,26358824,1388-03-30
2009-06-21,9258,9248,9252,9258,30161849,1388-03-31
2009-06-22,9264,9250,9262,9252,69662800,1388-04-01
2009-06-23,9343,9254,9254,9340,86919859,1388-04-02
2009-06-24,9349,9338,9340,9339,76545730,1388-04-03
2009-06-27,9343,9338,9338,9343,91722450,1388-04-06
2009-06-28,9361,9340,9340,9354,99694125,1388-04-07
2009-06-29,9364,9356,9357,9360,58011166,1388-04-08
2009-06-30,9388,9365,9366,9388,45911056,1388-04-09
2009-07-01,9480,9398,9398,9471,65592895,1388-04-10
2009-07-04,9486,9470,9473,9470,62686622,1388-04-13
2009-07-05,9464,9453,9458,9453,75997798,1388-04-14
2009-07-07,9463,9456,9456,9458,35183732,1388-04-16
2009-07-11,9465,9438,9462,9438,65364787,1388-04-20
2009-07-12,9442,9416,9437,9416,114059556,1388-04-21
2009-07-13,9416,9349,9416,9353,72358357,1388-04-22
2009-07-14,9379,9354,9354,9374,177804729,1388-04-23
2009-07-15,9401,9375,9375,9395,202567911,1388-04-24
2009-07-18,9442,9403,9403,9442,139355749,1388-04-27
2009-07-19,9475,9444,9444,9474,39350571,1388-04-28
2009-07-21,9511,9475,9479,9511,28961704,1388-04-30
2009-07-22,9525,9519,9519,9522,27516369,1388-04-31
2009-07-25,9524,9521,9522,9523,32346070,1388-05-03
2009-07-26,9563,9523,9524,9530,122922718,1388-05-04
2009-07-27,9704,9520,9530,9704,115285756,1388-05-05
2009-07-28,9732,9722,9723,9727,138017171,1388-05-06
2009-07-29,9768,9733,9733,9766,332737281,1388-05-07
2009-08-01,9812,9778,9778,9811,94924309,1388-05-10
2009-08-02,9831,9819,9819,9831,86135765,1388-05-11
2009-08-03,9839,9834,9836,9835,97627341,1388-05-12
2009-08-04,9865,9834,9835,9861,172813144,1388-05-13
2009-08-05,9905,9864,9864,9904,108321647,1388-05-14
2009-08-08,9999,9910,9910,9999,76802541,1388-05-17
2009-08-09,10044,10002,10002,10044,80305952,1388-05-18
2009-08-10,10118,10048,10048,10114,239373686,1388-05-19
2009-08-11,10142,10128,10131,10139,113829065,1388-05-20
2009-08-12,10194,10146,10146,10194,137382159,1388-05-21
2009-08-15,10251,10209,10209,10251,53454012,1388-05-24
2009-08-16,10334,10294,10294,10333,210564541,1388-05-25
2009-08-17,10405,10337,10337,10405,143724492,1388-05-26
2009-08-18,10449,10426,10426,10442,148140002,1388-05-27
2009-08-19,10476,10463,10463,10472,87213292,1388-05-28
2009-08-22,10555,10489,10489,10555,63635334,1388-05-31
2009-08-23,10612,10562,10562,10612,99642607,1388-06-01
2009-08-24,10686,10626,10626,10686,115415531,1388-06-02
2009-08-25,10984,10700,10700,10984,319262052,1388-06-03
2009-08-26,11730,11013,11013,11577,256256081,1388-06-04
2009-08-29,11738,11598,11625,11734,343162726,1388-06-07
2009-08-30,11748,11692,11741,11694,143905612,1388-06-08
2009-08-31,11694,11663,11693,11688,267124976,1388-06-09
2009-09-01,11741,11696,11696,11741,116253824,1388-06-10
2009-09-02,11762,11746,11757,11747,115841451,1388-06-11
2009-09-05,11751,11653,11751,11678,134673546,1388-06-14
2009-09-06,11674,11634,11674,11634,95644468,1388-06-15
2009-09-07,11616,11574,11616,11590,55905816,1388-06-16
2009-09-08,11639,11598,11602,11639,78097448,1388-06-17
2009-09-09,11702,11643,11643,11696,84503364,1388-06-18
2009-09-12,11696,11696,11648,11696,0,1388-06-21
2009-09-13,11657,11638,11657,11638,58475997,1388-06-22
2009-09-14,11605,11581,11582,11599,151227850,1388-06-23
2009-09-15,11594,11524,11594,11524,63513935,1388-06-24
2009-09-16,11469,11461,11468,11461,58939201,1388-06-25
2009-09-19,11461,11412,11461,11437,104230275,1388-06-28
2009-09-21,11453,11437,11437,11452,111222842,1388-06-30
2009-09-22,11480,11403,11403,11480,228032424,1388-06-31
2009-09-23,11583,11491,11491,11583,92689350,1388-07-01
2009-09-26,11633,11620,11625,11620,203580538,1388-07-04
2009-09-27,11677,11588,11677,11588,168217494,1388-07-05
2009-09-28,11587,11559,11587,11559,95153987,1388-07-06
2009-09-29,11599,11553,11573,11555,97085462,1388-07-07
2009-09-30,11567,11531,11559,11536,100599468,1388-07-08
2009-10-03,11657,11574,11574,11657,123364127,1388-07-11
2009-10-04,11733,11680,11680,11717,224368884,1388-07-12
2009-10-05,11738,11729,11729,11738,163666703,1388-07-13
2009-10-06,11793,11737,11760,11793,162739488,1388-07-14
2009-10-07,11891,11822,11822,11891,135981973,1388-07-15
2009-10-10,11962,11921,11921,11958,174881498,1388-07-18
2009-10-11,11964,11925,11963,11925,268445276,1388-07-19
2009-10-12,11940,11912,11940,11912,266983782,1388-07-20
2009-10-13,11928,11894,11900,11918,195138366,1388-07-21
2009-10-17,11925,11906,11924,11918,93096167,1388-07-25
2009-10-18,11927,11914,11927,11914,150217105,1388-07-26
2009-10-19,11977,11920,11920,11976,733693184,1388-07-27
2009-10-20,12077,12012,12012,12077,195831153,1388-07-28
2009-10-21,12178,12111,12111,12176,123466088,1388-07-29
2009-10-24,12244,12200,12200,12243,173731148,1388-08-02
2009-10-25,12326,12266,12267,12326,143500650,1388-08-03
2009-10-26,12343,12309,12326,12343,316888496,1388-08-04
2009-10-27,12356,12328,12355,12345,146043758,1388-08-05
2009-10-28,12408,12343,12348,12408,143371148,1388-08-06
2009-10-31,12491,12428,12428,12482,117885944,1388-08-09
2009-11-01,12545,12506,12506,12545,142239650,1388-08-10
2009-11-02,12538,12516,12529,12530,353981617,1388-08-11
2009-11-03,12515,12484,12515,12484,146879227,1388-08-12
2009-11-04,12531,12477,12494,12506,178275406,1388-08-13
2009-11-07,12582,12525,12525,12577,143771292,1388-08-16
2009-11-08,12584,12547,12584,12566,272878479,1388-08-17
2009-11-09,12634,12582,12594,12582,180012897,1388-08-18
2009-11-10,12566,12426,12566,12426,120574061,1388-08-19
2009-11-11,12424,12379,12418,12381,173085005,1388-08-20
2009-11-14,12442,12403,12417,12403,118169715,1388-08-23
2009-11-15,12442,12362,12432,12362,179667661,1388-08-24
2009-11-16,12373,12325,12373,12325,141351286,1388-08-25
2009-11-17,12320,12242,12320,12242,207081137,1388-08-26
2009-11-18,12232,12174,12232,12176,109837906,1388-08-27
2009-11-21,12175,12087,12175,12087,95913578,1388-08-30
2009-11-22,12065,12003,12065,12003,70603627,1388-09-01
2009-11-23,11996,11976,11983,11996,168924731,1388-09-02
2009-11-24,12073,12002,12002,12073,110786502,1388-09-03
2009-11-25,12125,12084,12084,12113,199777729,1388-09-04
2009-11-29,12105,12028,12105,12028,46862742,1388-09-08
2009-11-30,12013,11965,12013,11965,45709448,1388-09-09
2009-12-01,11958,11929,11955,11929,90285138,1388-09-10
2009-12-02,11938,11915,11923,11915,174708614,1388-09-11
2009-12-05,11905,11901,11903,11905,45420003,1388-09-14
2009-12-07,11946,11914,11914,11944,74558639,1388-09-16
2009-12-08,11948,11910,11946,11910,49420338,1388-09-17
2009-12-09,11908,11836,11908,11836,62245083,1388-09-18
2009-12-12,11827,11753,11827,11753,58909129,1388-09-21
2009-12-13,11731,11677,11731,11677,67076167,1388-09-22
2009-12-14,11674,11629,11671,11629,51705628,1388-09-23
2009-12-15,11608,11359,11608,11362,57535901,1388-09-24
2009-12-16,11352,11255,11352,11265,65160799,1388-09-25
2009-12-19,11227,11196,11227,11210,63701196,1388-09-28
2009-12-20,11256,11201,11205,11256,119924118,1388-09-29
2009-12-21,11290,11244,11278,11275,111043421,1388-09-30
2009-12-22,11277,11235,11276,11235,90768639,1388-10-01
2009-12-23,11230,11220,11224,11221,72087840,1388-10-02
2009-12-28,11228,11197,11224,11197,50090757,1388-10-07
2009-12-29,11196,11178,11196,11178,47204550,1388-10-08
2009-12-30,11208,11180,11180,11208,49605347,1388-10-09
2010-01-02,11295,11208,11208,11295,60896653,1388-10-12
2010-01-03,11366,11323,11323,11351,114461675,1388-10-13
2010-01-04,11346,11305,11346,11305,61449150,1388-10-14
2010-01-05,11326,11302,11302,11307,71811764,1388-10-15
2010-01-06,11375,11319,11319,11375,99254905,1388-10-16
2010-01-09,11450,11380,11380,11450,429407966,1388-10-19
2010-01-10,11593,11478,11478,11592,223412973,1388-10-20
2010-01-11,11659,11591,11595,11657,124379073,1388-10-21
2010-01-12,11685,11646,11684,11646,103456954,1388-10-22
2010-01-13,11644,11598,11644,11600,92521763,1388-10-23
2010-01-16,11625,11602,11602,11615,98448731,1388-10-26
2010-01-17,11640,11621,11627,11621,78153960,1388-10-27
2010-01-18,11619,11584,11619,11584,45248638,1388-10-28
2010-01-19,11588,11568,11588,11569,44018920,1388-10-29
2010-01-20,11573,11567,11568,11569,58259151,1388-10-30
2010-01-23,11618,11570,11570,11618,73506264,1388-11-03
2010-01-24,11686,11627,11627,11685,93333057,1388-11-04
2010-01-25,11721,11699,11699,11705,445619815,1388-11-05
2010-01-26,11769,11711,11711,11752,107587956,1388-11-06
2010-01-27,11810,11764,11764,11803,119204547,1388-11-07
2010-01-30,11776,11736,11776,11750,112657334,1388-11-10
2010-01-31,11751,11725,11750,11725,237608985,1388-11-11
2010-02-01,11730,11710,11727,11710,88697347,1388-11-12
2010-02-02,11724,11719,11719,11721,60425186,1388-11-13
2010-02-03,11763,11737,11737,11752,73980704,1388-11-14
2010-02-06,11752,11716,11752,11716,73631665,1388-11-17
2010-02-07,11708,11686,11704,11686,96447538,1388-11-18
2010-02-08,11684,11667,11684,11667,85408487,1388-11-19
2010-02-09,11669,11661,11665,11661,60620921,1388-11-20
2010-02-10,11695,11664,11664,11694,85678765,1388-11-21
2010-02-14,11761,11696,11696,11760,83930214,1388-11-25
2010-02-16,11826,11783,11786,11790,117257984,1388-11-27
2010-02-17,11788,11774,11788,11774,108357032,1388-11-28
2010-02-20,11822,11778,11778,11819,112804664,1388-12-01
2010-02-21,11931,11834,11834,11929,112394672,1388-12-02
2010-02-22,12009,11950,11950,12009,245334910,1388-12-03
2010-02-23,12028,12010,12028,12010,164816248,1388-12-04
2010-02-24,12005,11992,12005,11993,99471983,1388-12-05
2010-02-27,11983,11963,11983,11964,75002420,1388-12-08
2010-02-28,12015,11978,11978,12009,89157986,1388-12-09
2010-03-01,12053,12019,12019,12049,77879058,1388-12-10
2010-03-02,12116,12071,12071,12111,120970786,1388-12-11
2010-03-03,12140,12126,12131,12133,90952002,1388-12-12
2010-03-06,12223,12169,12169,12221,133647392,1388-12-15
2010-03-07,12255,12243,12250,12249,122545567,1388-12-16
2010-03-08,12308,12266,12266,12307,120332765,1388-12-17
2010-03-09,12429,12324,12324,12429,175430903,1388-12-18
2010-03-10,12456,12445,12445,12447,100725271,1388-12-19
2010-03-13,12451,12440,12443,12440,139623330,1388-12-22
2010-03-14,12581,12447,12447,12549,138358014,1388-12-23
2010-03-15,12568,12534,12552,12534,156932283,1388-12-24
2010-03-16,12534,12500,12534,12500,87984066,1388-12-25
2010-03-17,12538,12503,12503,12537,118551848,1388-12-26
2010-03-27,12614,12549,12549,12614,45137686,1389-01-07
2010-03-28,12733,12626,12626,12732,75566726,1389-01-08
2010-03-29,12824,12762,12762,12824,90322846,1389-01-09
2010-03-30,12867,12832,12832,12867,88019656,1389-01-10
2010-03-31,12945,12874,12874,12945,100122918,1389-01-11
2010-04-03,13137,12960,12960,13136,151297167,1389-01-14
2010-04-04,13337,13206,13206,13320,291708936,1389-01-15
2010-04-05,13346,13317,13325,13317,118231483,1389-01-16
2010-04-06,13476,13329,13329,13476,183605885,1389-01-17
2010-04-07,13696,13519,13519,13681,156520504,1389-01-18
2010-04-10,13781,13729,13729,13754,215372090,1389-01-21
2010-04-11,13822,13779,13779,13803,153871646,1389-01-22
2010-04-12,13876,13826,13874,13833,193265941,1389-01-23
2010-04-13,13928,13870,13894,13904,227328739,1389-01-24
2010-04-14,13943,13903,13942,13903,450335597,1389-01-25
2010-04-17,13888,13816,13888,13816,153860325,1389-01-28
2010-04-18,13935,13833,13833,13935,244055317,1389-01-29
2010-04-19,14140,14016,14016,14138,246656910,1389-01-30
2010-04-20,14228,14186,14210,14186,278185550,1389-01-31
2010-04-21,14206,14129,14206,14129,323697533,1389-02-01
2010-04-24,14120,14080,14116,14080,156980133,1389-02-04
2010-04-25,14082,13996,14049,14053,308552662,1389-02-05
2010-04-26,14146,14041,14041,14129,252206408,1389-02-06
2010-04-27,14215,14137,14213,14139,202347867,1389-02-07
2010-04-28,14133,14012,14133,14012,202252517,1389-02-08
2010-05-01,14146,14030,14030,14137,217862462,1389-02-11
2010-05-02,14162,14086,14162,14086,213361090,1389-02-12
2010-05-03,14115,14012,14115,14013,180414962,1389-02-13
2010-05-04,14040,14013,14034,14037,216577912,1389-02-14
2010-05-05,14022,13944,14022,13945,318453044,1389-02-15
2010-05-08,13926,13908,13924,13920,193582075,1389-02-18
2010-05-09,14014,13943,13943,14014,196029862,1389-02-19
2010-05-10,14100,14044,14044,14100,170029526,1389-02-20
2010-05-11,14140,14117,14131,14132,143837329,1389-02-21
2010-05-12,14133,14105,14133,14105,149819503,1389-02-22
2010-05-15,14128,14091,14119,14096,134183685,1389-02-25
2010-05-16,14139,14108,14109,14139,121789090,1389-02-26
2010-05-18,14177,14132,14132,14157,158946290,1389-02-28
2010-05-19,14178,14141,14173,14156,222853636,1389-02-29
2010-05-22,14159,14117,14159,14117,128192549,1389-03-01
2010-05-23,14115,14076,14114,14080,91492658,1389-03-02
2010-05-24,14116,14094,14094,14116,271314908,1389-03-03
2010-05-25,14189,14124,14124,14184,151992067,1389-03-04
2010-05-26,14189,14151,14187,14154,254828817,1389-03-05
2010-05-29,14161,14120,14160,14120,136232482,1389-03-08
2010-05-30,14119,14063,14117,14088,96089027,1389-03-09
2010-05-31,14093,14038,14088,14038,149932415,1389-03-10
2010-06-01,14117,14044,14044,14109,151026767,1389-03-11
2010-06-02,14182,14127,14127,14182,163721948,1389-03-12
2010-06-06,14200,14165,14195,14165,130511171,1389-03-16
2010-06-07,14176,14128,14174,14135,93223612,1389-03-17
2010-06-08,14188,14131,14137,14149,144469679,1389-03-18
2010-06-09,14145,14055,14145,14055,84357938,1389-03-19
2010-06-12,14115,14054,14054,14115,86412906,1389-03-22
2010-06-13,14180,14122,14122,14180,95084257,1389-03-23
2010-06-14,14288,14214,14214,14288,545155521,1389-03-24
2010-06-15,14394,14318,14318,14394,163608721,1389-03-25
2010-06-16,14408,14372,14408,14372,141295640,1389-03-26
2010-06-19,14382,14341,14378,14341,272912807,1389-03-29
2010-06-20,14372,14281,14349,14281,138562951,1389-03-30
2010-06-21,14273,14252,14272,14257,130157919,1389-03-31
2010-06-22,14351,14288,14288,14351,107310673,1389-04-01
2010-06-23,14492,14376,14376,14489,131502944,1389-04-02
2010-06-27,14510,14489,14494,14503,71865189,1389-04-06
2010-06-28,14530,14501,14510,14501,96794251,1389-04-07
2010-06-29,14545,14485,14503,14545,100238112,1389-04-08
2010-06-30,14557,14549,14554,14552,101106719,1389-04-09
2010-07-03,14567,14546,14552,14561,76513858,1389-04-12
2010-07-04,14564,14504,14564,14504,75402369,1389-04-13
2010-07-05,14554,14504,14504,14553,135870574,1389-04-14
2010-07-06,14585,14560,14560,14572,116527307,1389-04-15
2010-07-07,14719,14586,14586,14719,229959926,1389-04-16
2010-07-11,14883,14743,14743,14883,157735172,1389-04-20
2010-07-12,14994,14922,14922,14982,186618512,1389-04-21
2010-07-13,15014,14999,15014,15006,161137491,1389-04-22
2010-07-14,15080,15052,15052,15080,280464177,1389-04-23
2010-07-17,15118,15081,15082,15118,221550995,1389-04-26
2010-07-18,15189,15138,15138,15189,173240919,1389-04-27
2010-07-19,15245,15197,15197,15245,141083056,1389-04-28
2010-07-20,15346,15276,15276,15345,142312762,1389-04-29
2010-07-21,15382,15347,15356,15361,216035455,1389-04-30
2010-07-24,15456,15382,15382,15455,131212229,1389-05-02
2010-07-25,15661,15501,15501,15661,162182763,1389-05-03
2010-07-26,15758,15705,15705,15746,200942052,1389-05-04
2010-07-28,15796,15747,15751,15794,131213546,1389-05-06
2010-07-31,15849,15821,15821,15840,197464150,1389-05-09
2010-08-01,15893,15844,15845,15870,138090259,1389-05-10
2010-08-02,16078,15923,15923,16078,170244608,1389-05-11
2010-08-03,16282,16149,16153,16282,223494427,1389-05-12
2010-08-04,16340,16318,16335,16318,206577626,1389-05-13
2010-08-07,16608,16338,16338,16606,207915526,1389-05-16
2010-08-08,16628,16585,16625,16626,180649823,1389-05-17
2010-08-09,16694,16641,16641,16674,186772548,1389-05-18
2010-08-10,16842,16720,16720,16841,206365883,1389-05-19
2010-08-11,17001,16916,16916,16995,287642494,1389-05-20
2010-08-14,16991,16865,16987,16865,238704229,1389-05-23
2010-08-15,16855,16696,16855,16701,140990932,1389-05-24
2010-08-16,16768,16692,16692,16767,195629606,1389-05-25
2010-08-17,16911,16799,16799,16911,164308813,1389-05-26
2010-08-18,17012,16952,16952,17010,208228451,1389-05-27
2010-08-21,17060,16975,17049,16975,180782413,1389-05-30
2010-08-22,16984,16958,16981,16958,128467541,1389-05-31
2010-08-23,17117,16990,16990,17117,166586919,1389-06-01
2010-08-24,17153,17115,17136,17153,262420041,1389-06-02
2010-08-25,17238,17180,17180,17233,204370870,1389-06-03
2010-08-28,17401,17271,17271,17401,359944192,1389-06-06
2010-08-29,17768,17443,17443,17768,288380554,1389-06-07
2010-08-30,17944,17838,17838,17938,331446555,1389-06-08
2010-08-31,17956,17936,17940,17956,773558408,1389-06-09
2010-09-04,18316,18044,18044,18316,259943797,1389-06-13
2010-09-05,18638,18416,18416,18636,358195683,1389-06-14
2010-09-06,18720,18648,18717,18648,275407834,1389-06-15
2010-09-07,18679,18459,18679,18459,756582268,1389-06-16
2010-09-08,18440,18390,18440,18430,436068037,1389-06-17
2010-09-12,18534,18452,18452,18533,131013447,1389-06-21
2010-09-13,18610,18534,18569,18534,202855124,1389-06-22
2010-09-14,18551,18539,18551,18543,135499142,1389-06-23
2010-09-15,18560,18530,18549,18556,137707428,1389-06-24
2010-09-18,18676,18578,18578,18658,179417543,1389-06-27
2010-09-19,18663,18488,18663,18488,202994172,1389-06-28
2010-09-20,18493,18303,18493,18303,181525662,1389-06-29
2010-09-21,18413,18270,18292,18413,156680239,1389-06-30
2010-09-22,18549,18477,18477,18549,132004796,1389-06-31
2010-09-25,18682,18581,18581,18673,162847074,1389-07-03
2010-09-26,18685,18528,18685,18528,129813292,1389-07-04
2010-09-27,18506,18406,18506,18406,210951608,1389-07-05
2010-09-28,18544,18395,18395,18535,213303754,1389-07-06
2010-09-29,18673,18564,18564,18671,156251932,1389-07-07
2010-10-02,18800,18711,18711,18790,162936190,1389-07-10
2010-10-03,18834,18762,18822,18762,187435376,1389-07-11
2010-10-05,18766,18750,18764,18750,138897449,1389-07-13
2010-10-06,18885,18759,18759,18872,178844353,1389-07-14
2010-10-09,19003,18938,18977,18938,181030660,1389-07-17
2010-10-10,18943,18642,18943,18642,172965340,1389-07-18
2010-10-11,18638,18564,18638,18564,147923060,1389-07-19
2010-10-12,18554,18283,18554,18283,169892710,1389-07-20
2010-10-13,18265,17896,18257,17902,137461925,1389-07-21
2010-10-16,17973,17833,17851,17973,152942144,1389-07-24
2010-10-17,18111,18010,18010,18111,104436781,1389-07-25
2010-10-18,18345,18145,18145,18344,136220094,1389-07-26
2010-10-19,18418,18293,18407,18293,143578748,1389-07-27
2010-10-20,18292,18230,18292,18230,80175247,1389-07-28
2010-10-23,18346,18237,18237,18325,104528143,1389-08-01
2010-10-24,18321,18164,18321,18164,105045511,1389-08-02
2010-10-25,18137,18036,18137,18036,105456311,1389-08-03
2010-10-26,18057,18006,18038,18006,83742824,1389-08-04
2010-10-27,18008,17948,18008,17956,80783241,1389-08-05
2010-10-30,18035,17963,17963,18035,96297600,1389-08-08
2010-10-31,18079,18011,18053,18011,85283569,1389-08-09
2010-11-01,18014,17973,18014,17973,67588373,1389-08-10
2010-11-02,17976,17958,17973,17960,75637904,1389-08-11
2010-11-03,17977,17959,17959,17977,116782598,1389-08-12
2010-11-06,18090,17984,17984,18090,102635264,1389-08-15
2010-11-07,18098,18016,18093,18016,126159340,1389-08-16
2010-11-08,18010,17970,18010,17970,75967796,1389-08-17
2010-11-09,18038,17977,17977,18038,103498633,1389-08-18
2010-11-10,18114,18070,18070,18113,91429615,1389-08-19
2010-11-13,18119,18044,18118,18044,83208785,1389-08-22
2010-11-14,18056,18042,18050,18042,274935854,1389-08-23
2010-11-15,18110,18036,18079,18036,91592378,1389-08-24
2010-11-16,18036,18020,18034,18021,189961237,1389-08-25
2010-11-20,18073,18022,18022,18062,106277223,1389-08-29
2010-11-21,18141,18065,18065,18134,156315671,1389-08-30
2010-11-22,18273,18134,18134,18258,178658821,1389-09-01
2010-11-23,18264,18226,18264,18227,98046600,1389-09-02
2010-11-24,18289,18226,18226,18289,98254928,1389-09-03
2010-11-27,18431,18301,18301,18428,104375710,1389-09-06
2010-11-28,18463,18404,18436,18404,204267641,1389-09-07
2010-11-29,18405,18285,18405,18285,343118577,1389-09-08
2010-11-30,18281,18243,18281,18243,78442221,1389-09-09
2010-12-01,18280,18247,18247,18280,110829467,1389-09-10
2010-12-04,18299,18286,18286,18292,98215627,1389-09-13
2010-12-05,18338,18293,18296,18319,93292287,1389-09-14
2010-12-06,18319,18292,18316,18292,76759123,1389-09-15
2010-12-07,18317,18291,18293,18317,132222013,1389-09-16
2010-12-08,18371,18324,18324,18371,107806050,1389-09-17
2010-12-11,18469,18388,18388,18460,82165404,1389-09-20
2010-12-12,18485,18444,18484,18444,78172786,1389-09-21
2010-12-13,18448,18415,18446,18415,89859832,1389-09-22
2010-12-14,18415,18406,18414,18414,59056214,1389-09-23
2010-12-18,18431,18366,18421,18366,105041287,1389-09-27
2010-12-19,18377,18203,18377,18203,128833693,1389-09-28
2010-12-20,18250,18207,18207,18250,74208835,1389-09-29
2010-12-21,18376,18258,18258,18353,99248936,1389-09-30
2010-12-22,18410,18352,18352,18399,83806136,1389-10-01
2010-12-25,18586,18437,18437,18586,131291490,1389-10-04
2010-12-26,18723,18631,18631,18723,156978567,1389-10-05
2010-12-27,18757,18683,18747,18689,124458618,1389-10-06
2010-12-28,18774,18697,18697,18771,137384214,1389-10-07
2010-12-29,18867,18802,18802,18855,213007317,1389-10-08
2011-01-01,18908,18849,18885,18849,90076715,1389-10-11
2011-01-02,18899,18848,18849,18898,106213695,1389-10-12
2011-01-03,19021,18890,18890,19021,214754684,1389-10-13
2011-01-04,19200,19019,19019,19200,123616822,1389-10-14
2011-01-05,19362,19238,19238,19362,447734859,1389-10-15
2011-01-08,19460,19369,19369,19452,177746384,1389-10-18
2011-01-09,19700,19451,19451,19700,421568151,1389-10-19
2011-01-10,19823,19682,19734,19691,495911218,1389-10-20
2011-01-11,19780,19647,19663,19779,206947898,1389-10-21
2011-01-12,19802,19759,19786,19759,148537241,1389-10-22
2011-01-15,19766,19705,19744,19705,126315486,1389-10-25
2011-01-16,19831,19714,19714,19831,166261354,1389-10-26
2011-01-17,19907,19882,19882,19905,198485692,1389-10-27
2011-01-18,19942,19930,19933,19938,235589631,1389-10-28
2011-01-19,20207,20014,20014,20207,282045273,1389-10-29
2011-01-22,20353,20206,20206,20353,298718150,1389-11-02
2011-01-23,20421,20400,20421,20416,193496437,1389-11-03
2011-01-24,20463,20416,20416,20463,162893811,1389-11-04
2011-01-26,20690,20462,20462,20685,183487574,1389-11-06
2011-01-29,20938,20715,20715,20906,166481765,1389-11-09
2011-01-30,20919,20877,20916,20878,131774826,1389-11-10
2011-01-31,20999,20880,20880,20997,213989502,1389-11-11
2011-02-01,21349,21055,21055,21349,218114066,1389-11-12
2011-02-05,21811,21428,21428,21811,310454275,1389-11-16
2011-02-06,21908,21833,21908,21840,342749972,1389-11-17
2011-02-07,21964,21842,21842,21944,243592523,1389-11-18
2011-02-08,21962,21867,21945,21867,150559513,1389-11-19
2011-02-09,21935,21868,21868,21929,171546808,1389-11-20
2011-02-12,22014,21930,21930,22000,168269794,1389-11-23
2011-02-13,22136,21991,21991,22136,155370622,1389-11-24
2011-02-14,22268,22134,22134,22260,245331963,1389-11-25
2011-02-15,22324,22263,22263,22270,178695248,1389-11-26
2011-02-16,22248,22168,22248,22188,176118692,1389-11-27
2011-02-19,22200,22090,22198,22090,122153446,1389-11-30
2011-02-20,22087,21762,22087,21762,107562410,1389-12-01
2011-02-22,21789,21721,21754,21739,189374740,1389-12-03
2011-02-23,21770,21750,21755,21750,181064082,1389-12-04
2011-02-26,21874,21733,21733,21868,151061234,1389-12-07
2011-02-27,21921,21864,21864,21900,145648817,1389-12-08
2011-02-28,21888,21663,21888,21663,157620419,1389-12-09
2011-03-01,21663,21473,21663,21473,158401013,1389-12-10
2011-03-02,21694,21469,21469,21694,125057349,1389-12-11
2011-03-05,21843,21688,21688,21843,286065107,1389-12-14
2011-03-06,21950,21894,21894,21929,287112360,1389-12-15
2011-03-07,21948,21886,21947,21892,445109206,1389-12-16
2011-03-08,22034,21888,21888,22033,606650889,1389-12-17
2011-03-09,22115,22033,22033,22063,340443960,1389-12-18
2011-03-12,22054,21895,22054,21895,263918143,1389-12-21
2011-03-13,22009,21894,21894,22009,429574529,1389-12-22
2011-03-14,22237,22014,22014,22237,292547684,1389-12-23
2011-03-15,22456,22300,22300,22456,295140049,1389-12-24
2011-03-16,22804,22459,22459,22804,268393144,1389-12-25
2011-03-19,23295,22809,22809,23295,243913291,1389-12-28
2011-03-26,23757,23296,23296,23756,117861426,1390-01-06
2011-03-27,24213,23854,23854,24200,238991735,1390-01-07
2011-03-28,24288,24227,24227,24288,196893748,1390-01-08
2011-03-29,24496,24351,24351,24487,208331767,1390-01-09
2011-03-30,24605,24486,24496,24486,351614115,1390-01-10
2011-04-03,24590,24498,24498,24544,168166898,1390-01-14
2011-04-04,25023,24553,24553,25023,365600011,1390-01-15
2011-04-05,25550,25035,25035,25550,411796754,1390-01-16
2011-04-06,25885,25556,25556,25885,537444380,1390-01-17
2011-04-09,26272,25908,25908,26223,810324968,1390-01-20
2011-04-10,26260,26003,26227,26003,567074007,1390-01-21
2011-04-11,26252,26014,26014,26145,393088493,1390-01-22
2011-04-12,26464,26175,26175,26413,389360596,1390-01-23
2011-04-13,26542,26466,26492,26542,398528065,1390-01-24
2011-04-16,26757,26552,26552,26676,354163235,1390-01-27
2011-04-17,26694,26447,26691,26447,221416580,1390-01-28
2011-04-18,26523,26429,26470,26429,375326970,1390-01-29
2011-04-19,26452,26215,26428,26215,206662214,1390-01-30
2011-04-20,26482,26210,26210,26482,244678296,1390-01-31
2011-04-23,26618,26508,26508,26610,306355776,1390-02-03
2011-04-24,26641,26540,26629,26540,254846253,1390-02-04
2011-04-25,26537,26259,26537,26262,170229681,1390-02-05
2011-04-26,26325,26260,26260,26274,395492905,1390-02-06
2011-04-27,26267,25782,26267,25782,414291321,1390-02-07
2011-04-30,25701,25322,25701,25322,270430899,1390-02-10
2011-05-01,25189,24685,25189,24685,397995023,1390-02-11
2011-05-02,25050,24783,24783,25038,243449460,1390-02-12
2011-05-03,25270,25038,25038,25211,381828947,1390-02-13
2011-05-04,25520,25209,25209,25520,262082207,1390-02-14
2011-05-08,25557,25367,25520,25367,244553353,1390-02-18
2011-05-09,25753,25366,25366,25753,225072512,1390-02-19
2011-05-10,26042,25754,25754,26042,352726500,1390-02-20
2011-05-11,26100,25892,26042,26003,233927410,1390-02-21
2011-05-14,26055,26034,26034,26034,150580706,1390-02-24
2011-05-15,26124,25908,26071,25908,201805026,1390-02-25
2011-05-16,25919,25760,25916,25760,151706397,1390-02-26
2011-05-17,25773,25731,25765,25773,120900716,1390-02-27
2011-05-18,25941,25773,25773,25941,231417667,1390-02-28
2011-05-21,26158,26050,26050,26156,249629069,1390-02-31
2011-05-22,26165,26039,26129,26056,211336104,1390-03-01
2011-05-23,26081,26020,26056,26060,202072310,1390-03-02
2011-05-24,26074,25862,26050,25862,181125959,1390-03-03
2011-05-25,25861,25291,25861,25291,162477350,1390-03-04
2011-05-28,25309,25024,25309,25043,155143135,1390-03-07
2011-05-29,24601,24601,24601,24601,127365301,1390-03-08
2011-05-30,24865,24601,24601,24865,239081365,1390-03-09
2011-05-31,25121,24865,24865,25121,135612630,1390-03-10
2011-06-06,25302,25093,25093,25292,101693125,1390-03-16
2011-06-07,25280,25121,25273,25123,108659638,1390-03-17
2011-06-08,25300,25051,25123,25286,191279179,1390-03-18
2011-06-11,25434,25245,25394,25245,173157516,1390-03-21
2011-06-12,25245,25122,25245,25122,231175551,1390-03-22
2011-06-13,25266,25164,25164,25238,244041825,1390-03-23
2011-06-14,25250,25043,25236,25043,147389685,1390-03-24
2011-06-15,25045,24855,25045,24855,128848073,1390-03-25
2011-06-18,25194,24855,24855,25187,119893783,1390-03-28
2011-06-19,25250,25209,25209,25214,115784421,1390-03-29
2011-06-20,25224,25121,25215,25121,118747621,1390-03-30
2011-06-21,25197,25130,25130,25182,115110446,1390-03-31
2011-06-22,25181,25126,25175,25126,157281821,1390-04-01
2011-06-25,25125,25024,25125,25024,90371505,1390-04-04
2011-06-26,25023,24675,25023,24675,218550835,1390-04-05
2011-06-27,24639,24149,24639,24149,260424718,1390-04-06
2011-06-28,24209,24138,24149,24180,131812579,1390-04-07
2011-06-29,24504,24181,24181,24504,140361870,1390-04-08
2011-07-02,24746,24503,24503,24742,104189693,1390-04-11
2011-07-03,24811,24742,24742,24743,110389517,1390-04-12
2011-07-04,24756,24698,24755,24698,85698149,1390-04-13
2011-07-05,24869,24698,24698,24817,121610243,1390-04-14
2011-07-06,24838,24801,24815,24801,126087468,1390-04-15
2011-07-09,24834,24717,24800,24717,100209323,1390-04-18
2011-07-10,24730,24541,24718,24541,206685486,1390-04-19
2011-07-11,24548,24504,24535,24504,279717478,1390-04-20
2011-07-12,24511,24387,24507,24387,359061080,1390-04-21
2011-07-13,24392,24284,24387,24287,288230786,1390-04-22
2011-07-16,24353,24283,24283,24349,144176816,1390-04-25
2011-07-18,24461,24355,24355,24461,248023707,1390-04-27
2011-07-19,24528,24460,24460,24495,211693787,1390-04-28
2011-07-20,24611,24501,24501,24602,93513341,1390-04-29
2011-07-23,24810,24612,24612,24810,149454860,1390-05-01
2011-07-24,25182,24847,24847,25182,154135703,1390-05-02
2011-07-25,25346,25179,25179,25325,241058816,1390-05-03
2011-07-26,25447,25352,25355,25435,179567691,1390-05-04
2011-07-27,25509,25432,25432,25472,231724475,1390-05-05
2011-07-30,25509,25298,25432,25298,92839551,1390-05-08
2011-07-31,25295,25111,25295,25111,109341121,1390-05-09
2011-08-01,25270,25112,25112,25270,325647893,1390-05-10
2011-08-02,25322,25284,25290,25284,131033273,1390-05-11
2011-08-03,25328,25286,25286,25316,135716840,1390-05-12
2011-08-06,25227,25008,25227,25008,151352404,1390-05-15
2011-08-07,25008,24924,25008,24924,110181510,1390-05-16
2011-08-08,25018,24961,24961,24971,281290498,1390-05-17
2011-08-09,24946,24597,24946,24597,212693442,1390-05-18
2011-08-10,24876,24617,24617,24876,198861698,1390-05-19
2011-08-13,25005,24896,24896,24997,128564510,1390-05-22
2011-08-14,25126,25036,25036,25093,214173505,1390-05-23
2011-08-15,25090,25059,25090,25059,193918451,1390-05-24
2011-08-16,25140,25090,25097,25090,285873689,1390-05-25
2011-08-17,25243,25152,25152,25238,444063259,1390-05-26
2011-08-20,25281,25214,25280,25232,194746789,1390-05-29
2011-08-21,25240,25217,25228,25217,262383915,1390-05-30
2011-08-23,25389,25216,25216,25389,175663395,1390-06-01
2011-08-24,25484,25390,25390,25476,378407686,1390-06-02
2011-08-27,25568,25476,25476,25556,145969656,1390-06-05
2011-08-28,25576,25475,25572,25475,156589942,1390-06-06
2011-08-29,25622,25466,25477,25622,265141452,1390-06-07
2011-08-30,25822,25647,25647,25822,304258388,1390-06-08
2011-09-03,26083,25823,25827,26083,209144743,1390-06-12
2011-09-04,26258,26095,26095,26255,362972363,1390-06-13
2011-09-05,26361,26256,26256,26361,249933176,1390-06-14
2011-09-06,26715,26381,26381,26715,232457643,1390-06-15
2011-09-07,26936,26715,26715,26930,471985144,1390-06-16
2011-09-10,27101,26959,26959,27098,394758994,1390-06-19
2011-09-11,27124,27099,27124,27100,272610183,1390-06-20
2011-09-12,27118,27058,27106,27059,256112747,1390-06-21
2011-09-13,27066,26933,27061,26933,270302178,1390-06-22
2011-09-14,26945,26836,26934,26836,170115371,1390-06-23
2011-09-17,26869,26834,26837,26855,275750506,1390-06-26
2011-09-18,26914,26860,26860,26885,216469928,1390-06-27
2011-09-19,26928,26867,26908,26867,154906332,1390-06-28
2011-09-20,26866,26834,26866,26847,163752766,1390-06-29
2011-09-21,26962,26846,26846,26962,290721742,1390-06-30
2011-09-25,26965,26765,26965,26765,355750130,1390-07-03
2011-09-26,26763,26572,26763,26572,132371545,1390-07-04
2011-09-27,26693,26544,26584,26693,159595543,1390-07-05
2011-09-28,26793,26701,26701,26793,157061502,1390-07-06
2011-10-01,26798,26708,26798,26708,144861688,1390-07-09
2011-10-02,26720,26673,26708,26673,139863416,1390-07-10
2011-10-03,26720,26664,26672,26664,161764182,1390-07-11
2011-10-04,26761,26690,26690,26756,161716177,1390-07-12
2011-10-05,26865,26787,26787,26864,190381360,1390-07-13
2011-10-08,26927,26864,26864,26913,143120665,1390-07-16
2011-10-09,26918,26869,26912,26869,147566640,1390-07-17
2011-10-10,26856,26819,26842,26819,128224294,1390-07-18
2011-10-11,26912,26822,26822,26903,221753289,1390-07-19
2011-10-12,26902,26844,26895,26844,139374723,1390-07-20
2011-10-15,26844,26668,26844,26668,120000722,1390-07-23
2011-10-16,26669,26291,26669,26291,153504554,1390-07-24
2011-10-17,26284,26159,26284,26159,261582954,1390-07-25
2011-10-18,26170,26159,26162,26159,205044904,1390-07-26
2011-10-19,26220,26181,26181,26208,233545447,1390-07-27
2011-10-22,26216,26151,26214,26151,102210946,1390-07-30
2011-10-23,26154,26050,26154,26050,109122994,1390-08-01
2011-10-24,26044,25875,26044,25875,215689564,1390-08-02
2011-10-25,25927,25877,25877,25925,214380328,1390-08-03
2011-10-26,25952,25915,25925,25915,149907902,1390-08-04
2011-10-29,25989,25953,25968,25953,107189767,1390-08-07
2011-10-30,25970,25911,25953,25911,88896075,1390-08-08
2011-10-31,25931,25906,25912,25910,112168143,1390-08-09
2011-11-01,25934,25887,25913,25925,196019204,1390-08-10
2011-11-02,26003,25938,25938,26002,114739919,1390-08-11
2011-11-05,26003,25874,26003,25874,188857767,1390-08-14
2011-11-06,25863,25590,25863,25590,142550427,1390-08-15
2011-11-08,25589,25329,25589,25329,135460909,1390-08-17
2011-11-09,25394,25305,25322,25394,244936794,1390-08-18
2011-11-12,25471,25386,25386,25463,158753143,1390-08-21
2011-11-13,25467,25373,25467,25373,144379710,1390-08-22
2011-11-14,25382,25367,25372,25367,142193875,1390-08-23
2011-11-16,25385,25366,25377,25366,173922705,1390-08-25
2011-11-19,25383,25362,25366,25367,165880308,1390-08-28
2011-11-20,25378,25298,25378,25298,179816900,1390-08-29
2011-11-21,25298,25207,25298,25207,122866879,1390-08-30
2011-11-22,25210,24881,25210,24881,175025086,1390-09-01
2011-11-23,24871,24568,24871,24568,134427828,1390-09-02
2011-11-26,24562,24468,24562,24468,95931879,1390-09-05
2011-11-27,24467,24056,24467,24056,227632770,1390-09-06
2011-11-28,24058,23978,24058,23978,147847795,1390-09-07
2011-11-29,24089,23976,23976,24089,134056555,1390-09-08
2011-11-30,24089,24008,24089,24016,206567068,1390-09-09
2011-12-03,24117,24016,24016,24117,130677503,1390-09-12
2011-12-04,24357,24112,24112,24357,130910859,1390-09-13
2011-12-07,24663,24356,24356,24663,151542889,1390-09-16
2011-12-10,24735,24673,24673,24688,219092436,1390-09-19
2011-12-11,24695,24541,24694,24546,118233800,1390-09-20
2011-12-12,24560,24551,24552,24555,118783366,1390-09-21
2011-12-13,24619,24567,24571,24618,152392615,1390-09-22
2011-12-14,24624,24585,24620,24591,207335312,1390-09-23
2011-12-17,24599,24528,24587,24528,105882749,1390-09-26
2011-12-18,24608,24529,24529,24604,141056061,1390-09-27
2011-12-19,24649,24603,24603,24638,139712311,1390-09-28
2011-12-20,24650,24588,24641,24588,137981667,1390-09-29
2011-12-21,24650,24494,24641,24494,214139312,1390-09-30
2011-12-24,24494,24457,24468,24457,142213111,1390-10-03
2011-12-25,24486,24455,24470,24455,151504091,1390-10-04
2011-12-26,24476,24377,24459,24377,170698236,1390-10-05
2011-12-27,24377,24327,24377,24327,94819226,1390-10-06
2011-12-28,24336,24319,24322,24321,121728846,1390-10-07
2011-12-31,24403,24321,24321,24403,130246583,1390-10-10
2012-01-01,24443,24401,24402,24401,120470894,1390-10-11
2012-01-02,24395,24324,24395,24324,93345596,1390-10-12
2012-01-03,24507,24327,24327,24507,142453855,1390-10-13
2012-01-04,24839,24520,24520,24839,291902338,1390-10-14
2012-01-07,24903,24839,24839,24888,237667947,1390-10-17
2012-01-08,24893,24855,24889,24855,185972972,1390-10-18
2012-01-09,25085,24863,24863,25083,175527671,1390-10-19
2012-01-10,25207,25118,25118,25207,127983559,1390-10-20
2012-01-11,25440,25211,25211,25440,319269521,1390-10-21
2012-01-15,25756,25440,25440,25755,599310735,1390-10-25
2012-01-16,25910,25772,25772,25903,217543939,1390-10-26
2012-01-17,25923,25693,25904,25693,152627052,1390-10-27
2012-01-18,25812,25719,25721,25811,243296557,1390-10-28
2012-01-21,25835,25770,25828,25772,113216675,1390-11-01
2012-01-23,25802,25621,25783,25621,117049993,1390-11-03
2012-01-25,25630,25540,25626,25540,146699803,1390-11-05
2012-01-28,25723,25608,25608,25723,129312221,1390-11-08
2012-01-29,25945,25771,25771,25931,354183138,1390-11-09
2012-01-30,25986,25913,25954,25913,108259964,1390-11-10
2012-01-31,26008,25914,25924,25914,174753467,1390-11-11
2012-02-01,25939,25878,25918,25878,149452396,1390-11-12
2012-02-04,25952,25898,25898,25907,231799348,1390-11-15
2012-02-05,25926,25718,25919,25718,182320405,1390-11-16
2012-02-06,25698,25580,25698,25580,180532245,1390-11-17
2012-02-07,25588,25437,25581,25437,116172775,1390-11-18
2012-02-08,25440,25372,25437,25372,169584156,1390-11-19
2012-02-12,25382,25321,25377,25321,98569072,1390-11-23
2012-02-13,25327,25280,25326,25280,124865598,1390-11-24
2012-02-14,25225,24946,25224,24946,142491186,1390-11-25
2012-02-15,24947,24829,24947,24829,264701265,1390-11-26
2012-02-18,24857,24827,24832,24849,121884755,1390-11-29
2012-02-19,24894,24848,24848,24878,103515363,1390-11-30
2012-02-20,24933,24871,24871,24923,314830044,1390-12-01
2012-02-21,25071,24944,24944,25035,303211643,1390-12-02
2012-02-22,25070,25013,25035,25013,221074261,1390-12-03
2012-02-25,25027,24936,25027,24936,341078686,1390-12-06
2012-02-26,24977,24937,24937,24977,215780712,1390-12-07
2012-02-27,25100,24986,24986,25098,210683371,1390-12-08
2012-02-28,25247,25149,25149,25244,230183951,1390-12-09
2012-02-29,25391,25248,25248,25354,364770679,1390-12-10
2012-03-03,25385,25354,25354,25366,156008660,1390-12-13
2012-03-04,25419,25369,25369,25418,190160628,1390-12-14
2012-03-05,25431,25317,25428,25320,193678605,1390-12-15
2012-03-06,25344,25308,25342,25308,205410072,1390-12-16
2012-03-07,25400,25317,25317,25400,160160227,1390-12-17
2012-03-10,25469,25411,25411,25458,281887092,1390-12-20
2012-03-11,25551,25477,25477,25491,196141508,1390-12-21
2012-03-12,25496,25300,25495,25300,177467632,1390-12-22
2012-03-13,25272,25246,25272,25265,176485628,1390-12-23
2012-03-14,25482,25268,25268,25482,167501829,1390-12-24
2012-03-17,25607,25446,25446,25607,141561848,1390-12-27
2012-03-18,25906,25608,25608,25906,405411733,1390-12-28
2012-03-24,26280,25930,25930,26280,183517055,1391-01-05
2012-03-25,26513,26282,26282,26502,166632778,1391-01-06
2012-03-26,26523,26409,26516,26409,105040841,1391-01-07
2012-03-27,26539,26426,26426,26533,101039637,1391-01-08
2012-03-28,26576,26531,26531,26576,138774254,1391-01-09
2012-04-02,26621,26485,26577,26485,116738053,1391-01-14
2012-04-03,26503,26327,26500,26327,190305056,1391-01-15
2012-04-04,26358,26300,26324,26300,114449598,1391-01-16
2012-04-07,26430,26316,26316,26383,227017448,1391-01-19
2012-04-08,26523,26384,26384,26492,288568018,1391-01-20
2012-04-09,26519,26483,26500,26483,149556786,1391-01-21
2012-04-10,26683,26457,26457,26664,205642851,1391-01-22
2012-04-11,26758,26675,26679,26758,199181560,1391-01-23
2012-04-14,26897,26766,26766,26897,140995472,1391-01-26
2012-04-15,27281,26897,26897,27281,253959617,1391-01-27
2012-04-16,27412,27245,27412,27246,258115265,1391-01-28
2012-04-17,27246,27179,27246,27186,168054502,1391-01-29
2012-04-18,27282,27200,27200,27260,208294199,1391-01-30
2012-04-21,27304,27212,27262,27212,139748583,1391-02-02
2012-04-22,27215,27169,27210,27169,90004323,1391-02-03
2012-04-23,27200,27085,27171,27085,130448454,1391-02-04
2012-04-24,27155,27085,27085,27130,147460429,1391-02-05
2012-04-28,27136,27010,27136,27010,270190942,1391-02-09
2012-04-29,27020,26954,27012,26954,229179551,1391-02-10
2012-04-30,26961,26953,26954,26960,112085865,1391-02-11
2012-05-01,26976,26949,26976,26970,147527948,1391-02-12
2012-05-02,26976,26952,26968,26965,273054622,1391-02-13
2012-05-05,27039,26936,26992,26936,292512728,1391-02-16
2012-05-06,26951,26932,26935,26932,364961163,1391-02-17
2012-05-07,26931,26886,26919,26886,476704761,1391-02-18
2012-05-08,26898,26870,26886,26870,210011961,1391-02-19
2012-05-09,26904,26872,26888,26872,234284611,1391-02-20
2012-05-12,26896,26743,26872,26744,116571765,1391-02-23
2012-05-13,26797,26657,26784,26658,111837015,1391-02-24
2012-05-14,26717,26658,26658,26715,165269255,1391-02-25
2012-05-15,26731,26677,26729,26677,172784553,1391-02-26
2012-05-16,26688,26652,26684,26653,95014583,1391-02-27
2012-05-19,26676,26652,26662,26652,116885607,1391-02-30
2012-05-20,26681,26657,26657,26668,103404270,1391-02-31
2012-05-21,26846,26667,26667,26846,259105689,1391-03-01
2012-05-22,26913,26845,26845,26913,141456251,1391-03-02
2012-05-23,27091,26925,26925,27091,162157127,1391-03-03
2012-05-26,27093,26909,27093,26910,152123915,1391-03-06
2012-05-27,26928,26905,26910,26905,144434975,1391-03-07
2012-05-28,26919,26849,26905,26849,151864293,1391-03-08
2012-05-29,26856,26804,26852,26804,125276543,1391-03-09
2012-05-30,26819,26756,26804,26756,134627595,1391-03-10
2012-06-02,26760,26735,26756,26735,179306163,1391-03-13
2012-06-05,26749,26693,26737,26693,191251088,1391-03-16
2012-06-06,26692,26623,26692,26636,101613488,1391-03-17
2012-06-09,26635,26365,26635,26365,189780861,1391-03-20
2012-06-10,26365,26265,26365,26265,198792294,1391-03-21
2012-06-11,26412,26269,26269,26412,149187550,1391-03-22
2012-06-12,26445,26421,26421,26440,174426398,1391-03-23
2012-06-13,26439,26424,26430,26439,133576455,1391-03-24
2012-06-16,26440,26407,26437,26407,79696605,1391-03-27
2012-06-17,26408,26326,26408,26326,61822722,1391-03-28
2012-06-19,26326,26292,26326,26292,59248503,1391-03-30
2012-06-20,26290,26166,26290,26166,101389113,1391-03-31
2012-06-23,26161,25938,26161,25938,132323202,1391-04-03
2012-06-24,25902,25681,25902,25681,187450022,1391-04-04
2012-06-25,25686,25558,25686,25558,257899420,1391-04-05
2012-06-26,25547,25325,25547,25325,122901462,1391-04-06
2012-06-27,25261,25055,25261,25055,220165382,1391-04-07
2012-06-30,25171,25054,25054,25171,83472060,1391-04-10
2012-07-01,25227,25184,25187,25227,155017703,1391-04-11
2012-07-02,25346,25260,25260,25346,188261669,1391-04-12
2012-07-03,25451,25345,25345,25438,300747722,1391-04-13
2012-07-04,25468,25417,25464,25428,167396615,1391-04-14
2012-07-07,25462,25433,25433,25446,96301675,1391-04-17
2012-07-08,25487,25353,25412,25354,172130575,1391-04-18
2012-07-09,25373,25279,25362,25279,125370680,1391-04-19
2012-07-10,25308,25275,25280,25308,151186316,1391-04-20
2012-07-11,25431,25323,25323,25388,492920256,1391-04-21
2012-07-14,25445,25381,25381,25432,134614940,1391-04-24
2012-07-15,25450,25296,25433,25296,281915789,1391-04-25
2012-07-16,25293,25160,25293,25160,196405459,1391-04-26
2012-07-17,25155,25021,25155,25021,569996866,1391-04-27
2012-07-18,25039,25014,25021,25039,67692305,1391-04-28
2012-07-21,25050,25021,25045,25021,61624979,1391-04-31
2012-07-22,25025,24996,25025,24996,84100283,1391-05-01
2012-07-23,25039,24996,24997,25030,90078668,1391-05-02
2012-07-24,25121,25035,25035,25094,95332475,1391-05-03
2012-07-25,25118,25089,25099,25089,186843099,1391-05-04
2012-07-28,25103,25023,25103,25023,117859177,1391-05-07
2012-07-29,25022,24747,25022,24747,101380550,1391-05-08
2012-07-30,24728,24550,24728,24550,101191085,1391-05-09
2012-07-31,24584,24547,24547,24584,122292032,1391-05-10
2012-08-01,24588,24547,24582,24547,134308753,1391-05-11
2012-08-04,24544,24333,24544,24333,110531077,1391-05-14
2012-08-05,24304,24108,24304,24108,137214573,1391-05-15
2012-08-06,24115,24001,24105,24001,360268601,1391-05-16
2012-08-07,23999,23855,23997,23855,247973343,1391-05-17
2012-08-08,23852,23768,23852,23787,203740756,1391-05-18
2012-08-11,23957,23794,23794,23957,79683546,1391-05-21
2012-08-12,24032,24008,24008,24024,167817942,1391-05-22
2012-08-13,24056,24046,24055,24050,115292165,1391-05-23
2012-08-14,24102,24062,24062,24102,83937649,1391-05-24
2012-08-15,24125,24106,24106,24125,63873369,1391-05-25
2012-08-18,24145,24127,24127,24145,51367500,1391-05-28
2012-08-21,24279,24166,24166,24279,66639152,1391-05-31
2012-08-22,24340,24299,24299,24339,353483814,1391-06-01
2012-08-25,24528,24364,24364,24523,273997561,1391-06-04
2012-08-26,24589,24555,24566,24586,205795748,1391-06-05
2012-08-27,24653,24600,24610,24649,196025653,1391-06-06
2012-09-02,24730,24662,24662,24730,117965811,1391-06-12
2012-09-03,25055,24730,24730,25055,194953768,1391-06-13
2012-09-04,25384,25032,25032,25384,230103688,1391-06-14
2012-09-05,25664,25373,25373,25660,404041060,1391-06-15
2012-09-08,25810,25658,25658,25792,264079951,1391-06-18
2012-09-09,25795,25569,25795,25569,205497008,1391-06-19
2012-09-10,25735,25574,25582,25735,224672891,1391-06-20
2012-09-11,25903,25736,25736,25889,268243363,1391-06-21
2012-09-15,26285,25888,25888,26284,302839661,1391-06-25
2012-09-16,26316,26217,26283,26217,251125963,1391-06-26
2012-09-17,26471,26222,26222,26471,403865236,1391-06-27
2012-09-18,26583,26433,26433,26557,368877751,1391-06-28
2012-09-19,26598,26514,26588,26514,635541484,1391-06-29
2012-09-22,26875,26519,26519,26875,482498458,1391-07-01
2012-09-23,27139,26884,26884,27127,445685858,1391-07-02
2012-09-24,27127,27059,27127,27081,263110167,1391-07-03
2012-09-25,27440,27102,27102,27440,307555430,1391-07-04
2012-09-26,28132,27446,27446,28132,510615475,1391-07-05
2012-09-29,28829,28134,28134,28829,375296277,1391-07-08
2012-09-30,29288,28832,28832,29207,584127753,1391-07-09
2012-10-01,29230,28789,29230,28789,343334631,1391-07-10
2012-10-02,28796,28592,28796,28667,394456059,1391-07-11
2012-10-03,29123,28817,28817,29098,542114525,1391-07-12
2012-10-06,29062,28790,28817,28863,316118060,1391-07-15
2012-10-07,28928,28859,28865,28859,269904140,1391-07-16
2012-10-08,29014,28896,28896,29014,529433223,1391-07-17
2012-10-09,29075,29032,29041,29032,524460997,1391-07-18
2012-10-10,29034,28846,29030,28846,181347385,1391-07-19
2012-10-13,28832,28558,28832,28558,133841629,1391-07-22
2012-10-14,28656,28532,28554,28656,247160765,1391-07-23
2012-10-15,29018,28710,28710,28981,256026448,1391-07-24
2012-10-16,29267,28953,28953,29248,338777987,1391-07-25
2012-10-17,29502,29248,29248,29502,271990122,1391-07-26
2012-10-20,29996,29501,29501,29993,320790971,1391-07-29
2012-10-21,30248,29994,29994,30211,527954143,1391-07-30
2012-10-22,30703,30246,30246,30672,502273015,1391-08-01
2012-10-23,30681,30616,30665,30616,299257864,1391-08-02
2012-10-24,30750,30594,30594,30749,532474033,1391-08-03
2012-10-27,31131,30752,30752,31122,425329349,1391-08-06
2012-10-28,31205,31117,31117,31160,346306848,1391-08-07
2012-10-29,31235,31198,31208,31222,353043879,1391-08-08
2012-10-30,31436,31272,31272,31332,504749262,1391-08-09
2012-10-31,31330,31082,31330,31082,219539973,1391-08-10
2012-11-04,31298,31101,31102,31205,222229191,1391-08-14
2012-11-05,31167,30737,31167,30737,236796899,1391-08-15
2012-11-06,30965,30749,30749,30940,273902793,1391-08-16
2012-11-07,31283,30940,30940,31283,281610917,1391-08-17
2012-11-10,31356,31150,31284,31220,219963931,1391-08-20
2012-11-11,31218,31016,31218,31016,299093283,1391-08-21
2012-11-12,31010,30969,31009,30979,356835843,1391-08-22
2012-11-13,31215,31025,31025,31215,287858796,1391-08-23
2012-11-14,31370,31255,31255,31336,409377375,1391-08-24
2012-11-17,31389,31260,31351,31260,299550989,1391-08-27
2012-11-18,31342,31259,31259,31271,282712548,1391-08-28
2012-11-19,31291,31096,31291,31096,456881131,1391-08-29
2012-11-20,31141,31085,31098,31141,220511737,1391-08-30
2012-11-21,31260,31176,31176,31260,208907519,1391-09-01
2012-11-26,31609,31264,31264,31609,239197226,1391-09-06
2012-11-27,32018,31608,31608,32018,402430027,1391-09-07
2012-11-28,32340,32018,32018,32340,422570631,1391-09-08
2012-12-01,32742,32339,32339,32742,466545411,1391-09-11
2012-12-02,33189,32738,32738,33114,586228418,1391-09-12
2012-12-03,33114,33015,33114,33016,390800327,1391-09-13
2012-12-04,33131,33017,33017,33073,457546456,1391-09-14
2012-12-05,33282,33096,33096,33282,501513003,1391-09-15
2012-12-08,33716,33297,33297,33660,412083515,1391-09-18
2012-12-09,33662,33544,33662,33613,637192873,1391-09-19
2012-12-10,33866,33613,33613,33761,531863120,1391-09-20
2012-12-11,33922,33799,33799,33889,280340847,1391-09-21
2012-12-12,33921,33687,33914,33687,287542471,1391-09-22
2012-12-15,33969,33718,33718,33949,443473057,1391-09-25
2012-12-16,34091,33947,33947,34091,450674563,1391-09-26
2012-12-17,34670,34090,34090,34670,605712679,1391-09-27
2012-12-18,35106,34887,34887,35106,462844560,1391-09-28
2012-12-19,35776,35184,35184,35760,350456171,1391-09-29
2012-12-22,36040,35799,35184,36040,496368624,1391-10-02
2012-12-23,36829,36040,36040,36829,898871769,1391-10-03
2012-12-24,37531,37105,37105,37531,407660403,1391-10-04
2012-12-25,37746,37365,37729,37366,586856283,1391-10-05
2012-12-26,37851,37397,37414,37799,456733834,1391-10-06
2012-12-29,37918,37622,37799,37622,343516059,1391-10-09
2012-12-30,37614,37089,37614,37116,280908028,1391-10-10
2012-12-31,37861,37296,37296,37861,340561306,1391-10-11
2013-01-01,38092,37862,37862,37987,260866661,1391-10-12
2013-01-02,37987,37648,37987,37648,264454809,1391-10-13
2013-01-06,37650,37059,37647,37059,161873518,1391-10-17
2013-01-07,37077,37015,37060,37077,193891468,1391-10-18
2013-01-08,37315,37098,37098,37315,237485371,1391-10-19
2013-01-09,37442,37323,37323,37442,206721697,1391-10-20
2013-01-13,37827,37436,37436,37786,314985792,1391-10-24
2013-01-14,38111,37893,37893,38083,380213274,1391-10-25
2013-01-15,38403,38209,38209,38322,388354948,1391-10-26
2013-01-16,38345,38220,38313,38344,232172053,1391-10-27
2013-01-19,38146,37899,38146,37899,191567091,1391-10-30
2013-01-20,37835,37628,37835,37628,182055891,1391-11-01
2013-01-21,37639,37284,37628,37284,215099625,1391-11-02
2013-01-22,37194,36594,37194,36594,250264175,1391-11-03
2013-01-23,37257,36772,37194,37234,315956467,1391-11-04
2013-01-26,37438,37404,37404,37409,265115050,1391-11-07
2013-01-28,36723,36617,36723,36675,207943760,1391-11-09
2013-01-30,36684,36545,36668,36555,169131348,1391-11-11
2013-02-02,36813,36570,36570,36801,272461297,1391-11-14
2013-02-03,36813,36756,36813,36761,292808751,1391-11-15
2013-02-04,36724,36447,36724,36447,284124145,1391-11-16
2013-02-05,36516,36455,36455,36506,305945009,1391-11-17
2013-02-06,36913,36528,36528,36913,334973511,1391-11-18
2013-02-09,38210,36962,36962,38205,313819420,1391-11-21
2013-02-11,38394,38240,38240,38394,383594950,1391-11-23
2013-02-12,38712,38497,38497,38640,429469319,1391-11-24
2013-02-13,38716,38577,38716,38611,166660863,1391-11-25
2013-02-16,38707,38647,38650,38655,452464177,1391-11-28
2013-02-17,38758,38698,38698,38710,225909304,1391-11-29
2013-02-18,38825,38739,38745,38739,284505391,1391-11-30
2013-02-19,38764,38551,38764,38551,214472565,1391-12-01
2013-02-20,38620,38479,38557,38479,225901476,1391-12-02
2013-02-23,38522,38326,38522,38326,233023497,1391-12-05
2013-02-24,38386,37931,38328,37931,374224624,1391-12-06
2013-02-25,37911,37351,37911,37351,264901775,1391-12-07
2013-02-26,37574,37314,37351,37574,277201556,1391-12-08
2013-02-27,37822,37589,37589,37812,483958678,1391-12-09
2013-03-02,37813,37437,37803,37437,199978311,1391-12-12
2013-03-03,37440,37134,37440,37156,396252194,1391-12-13
2013-03-04,37207,37136,37169,37136,249339390,1391-12-14
2013-03-05,37228,36951,37211,36951,295411278,1391-12-15
2013-03-06,36963,36925,36942,36925,180973919,1391-12-16
2013-03-09,36925,36586,36925,36586,216354540,1391-12-19
2013-03-10,37116,36586,36589,37101,259826135,1391-12-20
2013-03-11,37244,37145,37178,37194,385815497,1391-12-21
2013-03-12,37268,37138,37193,37268,225015071,1391-12-22
2013-03-13,37999,37408,37408,37999,522238273,1391-12-23
2013-03-16,38126,37855,38047,37855,876334092,1391-12-26
2013-03-17,37735,37514,37735,37516,696712162,1391-12-27
2013-03-18,38041,37528,37528,38041,439074140,1391-12-28
2013-03-25,38603,38075,38075,38603,149355775,1392-01-05
2013-03-26,39351,38707,38707,39351,122483672,1392-01-06
2013-03-27,39744,39563,39563,39742,127163253,1392-01-07
2013-03-30,39824,39688,39822,39715,128900590,1392-01-10
2013-03-31,39990,39743,39743,39990,125450360,1392-01-11
2013-04-03,40151,40015,40021,40151,207799958,1392-01-14
2013-04-06,40282,40134,40200,40134,205727057,1392-01-17
2013-04-07,40119,39916,40119,39916,168859339,1392-01-18
2013-04-08,40142,40066,40072,40068,204459515,1392-01-19
2013-04-09,40615,40283,40283,40607,215881722,1392-01-20
2013-04-10,40615,40533,40615,40533,243556244,1392-01-21
2013-04-13,40548,40255,40546,40255,215318877,1392-01-24
2013-04-15,40621,40275,40275,40621,197658405,1392-01-26
2013-04-16,40872,40640,40650,40835,307711017,1392-01-27
2013-04-17,41025,40748,40969,40748,370500239,1392-01-28
2013-04-20,40909,40551,40749,40551,270845947,1392-01-31
2013-04-21,40558,40396,40550,40506,251226471,1392-02-01
2013-04-22,41133,40507,40507,41133,222731546,1392-02-02
2013-04-23,41584,41134,41134,41584,254761600,1392-02-03
2013-04-24,42056,41701,41701,42052,318969481,1392-02-04
2013-04-27,42361,42055,42055,42334,277538878,1392-02-07
2013-04-28,42596,42500,42500,42508,310347227,1392-02-08
2013-04-29,43192,42510,42510,43192,312044098,1392-02-09
2013-04-30,44069,43290,43290,43994,363489982,1392-02-10
2013-05-01,44537,44000,44000,44537,454453347,1392-02-11
2013-05-04,45033,44892,44892,44994,378659790,1392-02-14
2013-05-05,45069,44897,45033,44898,412193721,1392-02-15
2013-05-06,44957,44815,44903,44944,455617251,1392-02-16
2013-05-07,45025,44707,44952,44707,208689741,1392-02-17
2013-05-08,44910,44684,44910,44684,379650858,1392-02-18
2013-05-11,45092,44582,44603,45091,317607542,1392-02-21
2013-05-12,45792,45481,45481,45513,443745812,1392-02-22
2013-05-13,45513,44963,45513,44963,237446693,1392-02-23
2013-05-14,44827,44129,44827,44129,189942793,1392-02-24
2013-05-15,44393,43864,44298,43864,315618892,1392-02-25
2013-05-18,43864,43301,43864,43301,119113769,1392-02-28
2013-05-19,43303,42734,43303,42796,260085763,1392-02-29
2013-05-20,43055,42851,42851,43047,170989209,1392-02-30
2013-05-21,43074,42839,43074,42856,182271881,1392-02-31
2013-05-22,42778,42632,42778,42777,211125027,1392-03-01
2013-05-25,43485,42838,42838,43485,161507353,1392-03-04
2013-05-26,43911,43486,43486,43911,233743735,1392-03-05
2013-05-27,44182,44014,44014,44107,317134247,1392-03-06
2013-05-28,44471,44265,44268,44471,261656820,1392-03-07
2013-05-29,45162,44623,44623,45162,378301433,1392-03-08
2013-06-01,45258,44926,45248,44945,371655595,1392-03-11
2013-06-02,45248,44975,44981,45248,344512195,1392-03-12
2013-06-03,45590,45310,45310,45590,458536230,1392-03-13
2013-06-08,45690,45488,45673,45488,233307666,1392-03-18
2013-06-09,45488,45199,45488,45199,188281216,1392-03-19
2013-06-10,45210,45111,45181,45206,334879226,1392-03-20
2013-06-11,45553,45213,45213,45553,273854913,1392-03-21
2013-06-12,45740,45671,45707,45672,308498954,1392-03-22
2013-06-15,46624,45951,45951,46623,457369314,1392-03-25
2013-06-16,47820,46902,46902,47818,588834175,1392-03-26
2013-06-17,48333,48025,48122,48333,611876000,1392-03-27
2013-06-18,48795,48526,48526,48783,1893861086,1392-03-28
2013-06-19,48930,48877,48884,48917,1181843608,1392-03-29
2013-06-22,49089,48539,48903,48539,664340246,1392-04-01
2013-06-23,48751,48575,48575,48631,871836372,1392-04-02
2013-06-25,48652,48576,48652,48634,459180450,1392-04-04
2013-06-26,49427,48718,48718,49427,396801042,1392-04-05
2013-06-29,50471,49714,49714,50471,511056608,1392-04-08
2013-06-30,51321,50600,50600,51321,682096779,1392-04-09
2013-07-01,52244,51585,51585,52244,1038255020,1392-04-10
2013-07-02,52317,51846,52317,51846,1006911602,1392-04-11
2013-07-03,52735,51943,51943,52735,754312912,1392-04-12
2013-07-06,54295,52748,52748,54290,1102264403,1392-04-15
2013-07-07,54895,54678,54785,54769,1150213007,1392-04-16
2013-07-08,54817,54616,54817,54616,702097475,1392-04-17
2013-07-09,54677,54534,54662,54534,616513924,1392-04-18
2013-07-10,55109,54667,54667,55070,705782393,1392-04-19
2013-07-13,55203,54744,55071,54744,1035259278,1392-04-22
2013-07-14,54697,54299,54697,54299,566485366,1392-04-23
2013-07-15,54552,54313,54313,54509,608017858,1392-04-24
2013-07-16,54558,54236,54538,54236,785730761,1392-04-25
2013-07-17,54434,54235,54235,54434,576798992,1392-04-26
2013-07-20,54873,54550,54550,54872,561731991,1392-04-29
2013-07-21,55212,55090,55097,55101,563413505,1392-04-30
2013-07-22,55355,55175,55175,55329,521576616,1392-04-31
2013-07-23,55942,55564,55578,55942,772997853,1392-05-01
2013-07-24,56426,55944,55944,56426,609764949,1392-05-02
2013-07-27,56564,56290,56428,56290,568863971,1392-05-05
2013-07-28,56552,56100,56292,56552,519984582,1392-05-06
2013-07-29,57070,56328,56549,56400,667135643,1392-05-07
2013-07-31,57168,56543,56543,57168,647845442,1392-05-09
2013-08-03,57649,57166,57166,57397,917476615,1392-05-12
2013-08-04,57492,57264,57397,57264,571810502,1392-05-13
2013-08-05,57678,57268,57268,57416,725472877,1392-05-14
2013-08-06,57731,57526,57526,57675,697942502,1392-05-15
2013-08-07,58206,57898,57898,58143,665106570,1392-05-16
2013-08-11,58890,58384,58384,58890,450616692,1392-05-20
2013-08-12,59622,59132,59132,59608,704032558,1392-05-21
2013-08-13,59971,59607,59607,59755,1049786529,1392-05-22
2013-08-14,59703,59562,59703,59610,978712375,1392-05-23
2013-08-17,60537,59963,59963,60410,737783908,1392-05-26
2013-08-18,60466,59939,60466,59939,824866482,1392-05-27
2013-08-19,60129,59907,59907,60052,635166802,1392-05-28
2013-08-20,60052,59568,60052,59568,460741132,1392-05-29
2013-08-21,59498,59282,59498,59282,505546118,1392-05-30
2013-08-24,59597,59346,59346,59553,492989546,1392-06-02
2013-08-25,61389,59552,59552,61164,616988676,1392-06-03
2013-08-26,61044,60675,61044,60676,572336223,1392-06-04
2013-08-27,60750,60002,60480,60002,770868873,1392-06-05
2013-08-28,59461,58727,59461,58727,275753612,1392-06-06
2013-08-31,58586,58499,58586,58561,286989165,1392-06-09
2013-09-01,59061,58505,58510,59057,347847675,1392-06-10
2013-09-03,59234,58953,59055,58963,335981121,1392-06-12
2013-09-04,58833,58146,58833,58146,134507478,1392-06-13
2013-09-07,58013,57492,58013,57492,156088221,1392-06-16
2013-09-08,57274,57168,57274,57198,313996285,1392-06-17
2013-09-09,57216,57032,57181,57035,257869146,1392-06-18
2013-09-10,58190,57320,57320,58190,548445407,1392-06-19
2013-09-11,59165,58183,58183,59165,547671867,1392-06-20
2013-09-14,59255,59022,59156,59117,315723903,1392-06-23
2013-09-15,59466,59238,59238,59402,407270927,1392-06-24
2013-09-16,59465,59321,59409,59348,355498989,1392-06-25
2013-09-17,60075,59569,59569,60056,328329776,1392-06-26
2013-09-18,60964,60055,60055,60964,458300389,1392-06-27
2013-09-21,62054,60988,60988,62053,674385485,1392-06-30
2013-09-22,62110,61622,62110,61707,738747327,1392-06-31
2013-09-23,62905,61705,61705,62905,764074292,1392-07-01
2013-09-24,63285,62976,62976,63010,886670249,1392-07-02
2013-09-25,63461,63003,63017,63455,751264436,1392-07-03
2013-09-28,64695,63457,63457,64695,763519629,1392-07-06
2013-09-29,65329,64697,64697,65329,854114075,1392-07-07
2013-09-30,65811,65327,65327,65720,604427186,1392-07-08
2013-10-01,66350,65720,65720,66350,739155147,1392-07-09
2013-10-02,66620,66462,66468,66506,572223713,1392-07-10
2013-10-05,66684,66607,66607,66662,543759428,1392-07-13
2013-10-06,67064,66663,66663,66998,587747950,1392-07-14
2013-10-07,67020,66890,67002,67019,652272037,1392-07-15
2013-10-08,67509,67025,67025,67505,1147113742,1392-07-16
2013-10-09,68486,67653,67653,68462,1508474227,1392-07-17
2013-10-12,69704,68782,68782,69704,1213912873,1392-07-20
2013-10-13,71061,69704,69704,70952,1307958771,1392-07-21
2013-10-14,71522,70977,71068,71472,884881582,1392-07-22
2013-10-15,72767,71914,71914,72766,722798531,1392-07-23
2013-10-19,74519,72770,72770,74400,1104898404,1392-07-27
2013-10-20,73930,73145,73930,73336,774220300,1392-07-28
2013-10-21,73760,73533,73533,73636,661239747,1392-07-29
2013-10-22,73498,72998,73498,72998,651838980,1392-07-30
2013-10-23,73031,72723,72742,73031,662382934,1392-08-01
2013-10-26,73853,73292,73292,73550,676406884,1392-08-04
2013-10-27,73536,72201,73536,72201,728610198,1392-08-05
2013-10-28,72236,71867,72222,72215,569052736,1392-08-06
2013-10-29,73246,72400,72400,73167,820253789,1392-08-07
2013-10-30,73615,73293,73293,73553,865702173,1392-08-08
2013-11-02,73848,73490,73808,73505,882861866,1392-08-11
2013-11-03,73988,73589,73589,73766,729011232,1392-08-12
2013-11-04,73760,73559,73735,73734,667174665,1392-08-13
2013-11-05,74438,73798,73798,74438,601790338,1392-08-14
2013-11-06,75869,74436,74436,75869,700700933,1392-08-15
2013-11-09,76990,76335,76335,76960,924467540,1392-08-18
2013-11-10,77319,76538,76928,77119,787081521,1392-08-19
2013-11-11,77316,76896,77211,76896,704939712,1392-08-20
2013-11-12,76933,76756,76874,76933,616694862,1392-08-21
2013-11-16,77683,77117,77117,77673,831005519,1392-08-25
2013-11-17,77903,77214,77675,77214,704964595,1392-08-26
2013-11-18,77352,76995,77193,77328,635636723,1392-08-27
2013-11-19,78193,77417,77417,78142,670193481,1392-08-28
2013-11-20,78537,78143,78143,78424,811487153,1392-08-29
2013-11-23,79157,78425,78425,78874,861258311,1392-09-02
2013-11-24,80022,79401,79401,80022,835746901,1392-09-03
2013-11-25,81258,80635,80635,81187,1751422947,1392-09-04
2013-11-26,81764,81399,81422,81550,1227349121,1392-09-05
2013-11-27,82186,81550,81550,82130,1339521872,1392-09-06
2013-11-30,83572,82146,82146,83572,1166432877,1392-09-09
2013-12-01,84675,84047,84047,84385,1580626248,1392-09-10
2013-12-02,84268,83706,84268,83706,1390666613,1392-09-11
2013-12-03,84502,83776,83872,83776,1372255381,1392-09-12
2013-12-04,84342,83778,83778,84211,1145251096,1392-09-13
2013-12-07,84808,84215,84215,84659,830258050,1392-09-16
2013-12-08,85212,84684,84760,84880,1346079627,1392-09-17
2013-12-09,86095,85586,85864,85586,1106114820,1392-09-18
2013-12-11,86662,86104,86104,86511,1174078460,1392-09-20
2013-12-14,86198,85691,86198,85691,1137113073,1392-09-23
2013-12-15,87066,85857,85857,87024,1234494113,1392-09-24
2013-12-16,88206,87004,87004,88112,1417579962,1392-09-25
2013-12-17,88202,87646,88196,87646,1295866985,1392-09-26
2013-12-18,88164,87726,87750,87726,1395104678,1392-09-27
2013-12-21,87902,86957,87812,86957,1416167940,1392-09-30
2013-12-22,87016,86856,86937,87016,2121059994,1392-10-01
2013-12-24,88155,87022,87022,88114,1463656237,1392-10-03
2013-12-25,88693,88191,88318,88191,1509435229,1392-10-04
2013-12-28,88449,87691,88193,87692,884684862,1392-10-07
2013-12-29,87767,87425,87752,87425,863217068,1392-10-08
2013-12-30,87408,87404,87404,87410,1132767664,1392-10-09
2014-01-01,88177,87470,87470,88177,978839578,1392-10-11
2014-01-04,88927,88536,88536,88927,1000648161,1392-10-14
2014-01-05,89501,89150,89150,89501,1011588612,1392-10-15
2014-01-06,89724,89356,89508,89356,1062221498,1392-10-16
2014-01-07,89532,88749,89477,88749,939668077,1392-10-17
2014-01-08,88717,88069,88715,88069,1056775189,1392-10-18
2014-01-11,88087,87793,88087,87793,719958306,1392-10-21
2014-01-12,87760,85404,87760,85404,798358518,1392-10-22
2014-01-13,87113,85779,85779,87113,867287879,1392-10-23
2014-01-14,87514,87502,87514,87502,1355929744,1392-10-24
2014-01-15,86599,85297,86599,85297,583647076,1392-10-25
2014-01-18,85572,84973,85572,84973,946980990,1392-10-28
2014-01-20,84842,83642,84842,83642,430046566,1392-10-30
2014-01-21,83942,83252,83496,83252,538030269,1392-11-01
2014-01-22,83164,82029,83164,82029,489562542,1392-11-02
2014-01-25,82684,81923,81982,82670,610298781,1392-11-05
2014-01-26,82745,81894,82670,81906,382214046,1392-11-06
2014-01-27,81804,80789,81804,80861,505562056,1392-11-07
2014-01-28,81683,80932,80932,81644,838175017,1392-11-08
2014-01-29,82798,81714,81714,82798,732257568,1392-11-09
2014-02-01,84165,82970,82970,84165,687990058,1392-11-12
2014-02-02,84415,83606,84415,83606,706328839,1392-11-13
2014-02-03,83588,83157,83588,83165,545544429,1392-11-14
2014-02-04,83296,83148,83188,83171,467564478,1392-11-15
2014-02-05,83086,82212,83086,82214,326849026,1392-11-16
2014-02-08,82066,81067,82066,81067,298842438,1392-11-19
2014-02-09,81042,80932,80932,80950,1132738886,1392-11-20
2014-02-10,80932,80240,80920,80240,954447087,1392-11-21
2014-02-12,80120,79134,80120,79137,199974087,1392-11-23
2014-02-15,79162,79088,79089,79153,216256902,1392-11-26
2014-02-16,79769,79160,79160,79769,339135579,1392-11-27
2014-02-17,80686,79892,79892,80603,511810099,1392-11-28
2014-02-18,80560,80264,80560,80436,289855422,1392-11-29
2014-02-19,80988,80448,80448,80986,340919207,1392-11-30
2014-02-22,81332,81008,81008,81325,280189295,1392-12-03
2014-02-23,81399,81168,81393,81282,289273671,1392-12-04
2014-02-24,81258,80850,81258,80850,188068787,1392-12-05
2014-02-25,80812,80087,80812,80087,218001413,1392-12-06
2014-02-26,80042,79733,80042,79786,322500645,1392-12-07
2014-03-01,80137,79915,79915,80105,391576933,1392-12-10
2014-03-02,80114,79584,80114,79584,223280754,1392-12-11
2014-03-03,79552,78519,79552,78519,302263121,1392-12-12
2014-03-04,78456,78047,78456,78073,307135505,1392-12-13
2014-03-05,78450,77991,77992,78447,763413013,1392-12-14
2014-03-08,78591,78231,78484,78231,398174991,1392-12-17
2014-03-09,78198,77516,78198,77516,532306975,1392-12-18
2014-03-10,77491,77218,77491,77220,572985827,1392-12-19
2014-03-11,77220,76583,77220,76583,376374487,1392-12-20
2014-03-12,76589,76405,76571,76583,734246963,1392-12-21
2014-03-15,77191,76653,76653,77191,690274433,1392-12-24
2014-03-16,77844,77160,77160,77816,1441285529,1392-12-25
2014-03-17,78642,78029,78029,78431,1111852769,1392-12-26
2014-03-18,78968,78425,78425,78968,1144223839,1392-12-27
2014-03-19,79076,79010,79010,79015,596312918,1392-12-28
2014-03-25,79065,79009,79052,79014,371722722,1393-01-05
2014-03-26,79020,78619,79020,78619,233537203,1393-01-06
2014-03-29,78615,78240,78615,78240,248278118,1393-01-09
2014-03-30,78469,78251,78251,78469,224539689,1393-01-10
2014-03-31,78741,78505,78505,78741,382819019,1393-01-11
2014-04-05,78798,78548,78708,78548,309473025,1393-01-16
2014-04-06,78575,77635,78575,77635,454097815,1393-01-17
2014-04-07,77604,77418,77595,77419,347671359,1393-01-18
2014-04-08,77940,77604,77604,77818,512829738,1393-01-19
2014-04-09,77810,77424,77810,77424,732296306,1393-01-20
2014-04-12,77460,76502,77426,76502,381037358,1393-01-23
2014-04-13,76446,74921,76446,74921,743941299,1393-01-24
2014-04-14,74765,73973,74765,73973,339575707,1393-01-25
2014-04-15,73914,73769,73909,73848,457084428,1393-01-26
2014-04-16,74178,73890,73890,74161,322736026,1393-01-27
2014-04-19,74154,73638,74154,73638,179240492,1393-01-30
2014-04-20,74160,73726,73726,74160,297866318,1393-01-31
2014-04-21,75035,74268,74268,75035,453219085,1393-02-01
2014-04-22,75774,75293,75293,75735,506388500,1393-02-02
2014-04-23,75981,75733,75733,75980,475620290,1393-02-03
2014-04-26,77404,76144,76144,77404,423161808,1393-02-06
2014-04-27,77977,77409,77409,77924,878869230,1393-02-07
2014-04-28,78194,77752,77917,78131,646518269,1393-02-08
2014-04-29,78632,78129,78129,78151,563630451,1393-02-09
2014-04-30,78212,78115,78127,78164,636510272,1393-02-10
2014-05-03,78253,77939,78233,77939,472815476,1393-02-13
2014-05-04,77883,77545,77883,77569,420567808,1393-02-14
2014-05-05,77780,77643,77643,77764,544298049,1393-02-15
2014-05-06,77958,77717,77763,77717,785956306,1393-02-16
2014-05-07,77790,77663,77718,77752,587236976,1393-02-17
2014-05-10,78014,77804,77804,77931,454090141,1393-02-20
2014-05-11,77974,77734,77931,77734,480969235,1393-02-21
2014-05-12,77827,77596,77752,77596,528712548,1393-02-22
2014-05-14,77660,77593,77647,77610,638422177,1393-02-24
2014-05-17,77531,76894,77532,76895,540669574,1393-02-27
2014-05-18,77066,76905,76905,76988,735589081,1393-02-28
2014-05-19,77045,76529,76986,76529,999884761,1393-02-29
2014-05-20,76667,76504,76519,76634,656728181,1393-02-30
2014-05-21,76786,76673,76673,76768,1124335786,1393-02-31
2014-05-24,76840,76704,76839,76704,600447668,1393-03-03
2014-05-25,76687,76394,76687,76394,414917159,1393-03-04
2014-05-26,76413,76212,76413,76212,468937339,1393-03-05
2014-05-28,76267,76068,76257,76068,551956344,1393-03-07
2014-05-31,76115,75687,76094,75687,537174520,1393-03-10
2014-06-01,75672,74543,75672,74543,611768214,1393-03-11
2014-06-02,74756,74541,74541,74736,672212555,1393-03-12
2014-06-03,75111,74829,74829,75103,285170436,1393-03-13
2014-06-07,75530,75327,75327,75330,307928493,1393-03-17
2014-06-08,75444,75328,75338,75354,286293586,1393-03-18
2014-06-09,75424,75240,75407,75240,322876682,1393-03-19
2014-06-10,75246,74837,75246,74837,744838904,1393-03-20
2014-06-11,74822,74499,74822,74499,633192423,1393-03-21
2014-06-14,74494,73516,74494,73516,249226201,1393-03-24
2014-06-15,73459,72632,73459,72632,486887049,1393-03-25
2014-06-16,72780,72646,72646,72749,255994506,1393-03-26
2014-06-17,72801,72638,72801,72638,214925421,1393-03-27
2014-06-18,72873,72636,72637,72873,287001086,1393-03-28
2014-06-21,72983,72927,72927,72969,225363345,1393-03-31
2014-06-22,72990,72894,72986,72901,241118896,1393-04-01
2014-06-23,72896,72545,72896,72545,282098113,1393-04-02
2014-06-24,72525,72344,72525,72344,267302693,1393-04-03
2014-06-25,72456,72250,72454,72250,282014399,1393-04-04
2014-06-28,72224,71662,72224,71662,239883971,1393-04-07
2014-06-29,71604,70970,71604,70970,261786379,1393-04-08
2014-06-30,70911,70342,70911,70342,220745874,1393-04-09
2014-07-01,70423,70273,70312,70423,254190099,1393-04-10
2014-07-02,70877,70505,70505,70877,235793839,1393-04-11
2014-07-05,72167,70939,70939,72162,279730637,1393-04-14
2014-07-06,72417,71960,72382,71960,531084780,1393-04-15
2014-07-07,71953,71872,71953,71917,385313597,1393-04-16
2014-07-08,73025,71992,71992,73025,495158083,1393-04-17
2014-07-09,73416,73019,73019,73416,714913057,1393-04-18
2014-07-12,73598,73368,73368,73556,441059052,1393-04-21
2014-07-13,73572,73226,73558,73226,453609980,1393-04-22
2014-07-14,73360,73235,73236,73347,393154020,1393-04-23
2014-07-15,73480,73364,73364,73458,424127495,1393-04-24
2014-07-16,73772,73457,73457,73754,530604401,1393-04-25
2014-07-20,73802,73736,73770,73750,492398777,1393-04-29
2014-07-21,73899,73752,73758,73890,280630283,1393-04-30
2014-07-22,74526,73917,73917,74526,384736531,1393-04-31
2014-07-23,74904,74614,74614,74842,419251661,1393-05-01
2014-07-26,74880,74786,74880,74840,336023444,1393-05-04
2014-07-27,74888,74825,74840,74848,384158541,1393-05-05
2014-07-28,74998,74850,74850,74998,354811517,1393-05-06
2014-08-02,75028,74841,75026,74841,346038923,1393-05-11
2014-08-03,74852,74637,74842,74637,412953579,1393-05-12
2014-08-04,74752,74654,74654,74709,382904131,1393-05-13
2014-08-05,74801,74683,74789,74698,372491067,1393-05-14
2014-08-06,74706,74613,74701,74614,305090271,1393-05-15
2014-08-09,74694,74398,74621,74399,292448298,1393-05-18
2014-08-10,74431,74292,74394,74399,362236497,1393-05-19
2014-08-11,74609,74490,74490,74548,492791257,1393-05-20
2014-08-12,74584,74454,74542,74455,368286535,1393-05-21
2014-08-13,74468,74363,74468,74363,316520227,1393-05-22
2014-08-16,74378,74051,74370,74051,355261463,1393-05-25
2014-08-17,74075,73952,74072,73953,364625535,1393-05-26
2014-08-18,73970,73907,73953,73907,347795601,1393-05-27
2014-08-19,73919,73809,73914,73903,562297661,1393-05-28
2014-08-20,73961,73906,73916,73906,364778059,1393-05-29
2014-08-23,74022,73868,73921,73868,333309712,1393-06-01
2014-08-24,73874,73530,73874,73530,326312450,1393-06-02
2014-08-25,73539,73457,73532,73500,377382236,1393-06-03
2014-08-26,73630,73541,73586,73541,373806647,1393-06-04
2014-08-27,73578,73312,73557,73312,470627945,1393-06-05
2014-08-30,73338,72942,73316,72942,328085979,1393-06-08
2014-08-31,72963,72778,72950,72778,278163506,1393-06-09
2014-09-01,72791,72340,72787,72340,365945386,1393-06-10
2014-09-02,72372,72232,72338,72232,288415656,1393-06-11
2014-09-03,72260,72122,72244,72122,292768445,1393-06-12
2014-09-06,72129,71822,72129,71822,302152047,1393-06-15
2014-09-07,71827,71665,71827,71665,276835693,1393-06-16
2014-09-08,71815,71677,71677,71815,327142507,1393-06-17
2014-09-09,71959,71846,71846,71930,365875437,1393-06-18
2014-09-10,71977,71879,71941,71925,360322873,1393-06-19
2014-09-13,71922,71446,71922,71486,302576742,1393-06-22
2014-09-14,71503,71387,71497,71387,276657810,1393-06-23
2014-09-15,71427,71382,71386,71402,371964909,1393-06-24
2014-09-16,71432,71398,71410,71408,315439037,1393-06-25
2014-09-17,71506,71410,71410,71444,272857964,1393-06-26
2014-09-20,71455,71436,71446,71445,185144146,1393-06-29
2014-09-21,71562,71446,71446,71545,341013914,1393-06-30
2014-09-22,71692,71576,71576,71686,362551948,1393-06-31
2014-09-23,71733,71687,71688,71726,241123379,1393-07-01
2014-09-24,71814,71752,71752,71788,280038566,1393-07-02
2014-09-27,71799,71681,71799,71702,305223922,1393-07-05
2014-09-28,71757,71644,71711,71644,316535890,1393-07-06
2014-09-29,71681,71637,71660,71675,286761753,1393-07-07
2014-09-30,71715,71664,71691,71664,306141111,1393-07-08
2014-10-01,71659,71625,71658,71640,302768498,1393-07-09
2014-10-04,71685,71647,71647,71670,231392673,1393-07-12
2014-10-06,71831,71689,71689,71822,376195675,1393-07-14
2014-10-07,71848,71719,71835,71719,384089062,1393-07-15
2014-10-08,71808,71726,71730,71784,410288834,1393-07-16
2014-10-11,71836,71760,71784,71772,372350318,1393-07-19
2014-10-12,71831,71784,71796,71792,302314382,1393-07-20
2014-10-14,71932,71817,71817,71893,507145860,1393-07-22
2014-10-15,72015,71900,71900,71979,477171021,1393-07-23
2014-10-18,72045,71991,71993,72016,352880084,1393-07-26
2014-10-19,72281,72043,72043,72281,530987717,1393-07-27
2014-10-20,73550,72460,72460,73550,836764218,1393-07-28
2014-10-21,74148,73623,73623,74109,984621349,1393-07-29
2014-10-22,74323,74112,74112,74133,943707174,1393-07-30
2014-10-25,74283,74152,74154,74152,592634587,1393-08-03
2014-10-26,74178,73941,74178,73941,505599912,1393-08-04
2014-10-27,74049,73956,73959,73959,618036061,1393-08-05
2014-10-28,74035,73941,73975,73968,498102896,1393-08-06
2014-10-29,74261,74029,74029,74151,731325442,1393-08-07
2014-11-01,75028,74150,74150,75028,1054097091,1393-08-10
2014-11-02,75410,75306,75306,75369,1483276530,1393-08-11
2014-11-05,76167,75524,75524,76167,1110867491,1393-08-14
2014-11-08,76575,76360,76360,76420,1125548952,1393-08-17
2014-11-09,76562,76424,76470,76553,845137815,1393-08-18
2014-11-10,76619,76475,76558,76561,889442654,1393-08-19
2014-11-11,76859,76564,76564,76708,940802172,1393-08-20
2014-11-12,76803,76589,76738,76589,929971480,1393-08-21
2014-11-15,76483,75946,76483,75946,943220683,1393-08-24
2014-11-16,76106,75929,75951,75931,617632546,1393-08-25
2014-11-17,76170,75934,75934,75966,728341619,1393-08-26
2014-11-18,75992,75401,75991,75409,642626295,1393-08-27
2014-11-19,75442,75248,75426,75248,930638527,1393-08-28
2014-11-22,75258,75043,75258,75043,1212443538,1393-09-01
2014-11-23,75411,75058,75058,75390,1091603091,1393-09-02
2014-11-24,76112,75385,75385,75949,1468081079,1393-09-03
2014-11-25,75739,74741,75739,74741,417948729,1393-09-04
2014-11-26,74600,74076,74600,74076,1294881028,1393-09-05
2014-11-29,74142,73245,74114,73245,1387207624,1393-09-08
2014-11-30,73154,72190,73154,72190,505797313,1393-09-09
2014-12-01,72353,72120,72353,72121,968031165,1393-09-10
2014-12-02,72457,72258,72403,72258,562550388,1393-09-11
2014-12-03,72275,71860,72275,71860,645514064,1393-09-12
2014-12-06,71878,71681,71859,71712,551920139,1393-09-15
2014-12-07,71686,71170,71686,71170,460501886,1393-09-16
2014-12-08,71377,71199,71199,71377,594562437,1393-09-17
2014-12-09,71412,71336,71392,71382,494643120,1393-09-18
2014-12-10,71372,71043,71372,71043,441277147,1393-09-19
2014-12-14,71034,70292,71034,70292,499567710,1393-09-23
2014-12-15,70239,69543,70239,69543,644141684,1393-09-24
2014-12-16,69715,69593,69593,69609,469240028,1393-09-25
2014-12-17,69659,69495,69642,69495,311137106,1393-09-26
2014-12-20,69538,69393,69486,69538,621871086,1393-09-29
2014-12-22,70094,69596,69596,70094,528723743,1393-10-01
2014-12-24,70231,70093,70093,70154,331464200,1393-10-03
2014-12-27,70138,69691,70138,69705,296120326,1393-10-06
2014-12-28,69648,69549,69549,69626,328348457,1393-10-07
2014-12-29,69652,69267,69640,69424,471358221,1393-10-08
2014-12-30,69414,69254,69414,69254,272938304,1393-10-09
2014-12-31,69247,68970,69247,68973,471743616,1393-10-10
2015-01-03,68992,68830,68974,68830,265625993,1393-10-13
2015-01-04,68790,68651,68763,68651,243484087,1393-10-14
2015-01-05,68658,68232,68658,68232,376839673,1393-10-15
2015-01-06,68182,67471,68182,67471,553370954,1393-10-16
2015-01-07,67495,66902,67448,66902,426484284,1393-10-17
2015-01-10,66894,66198,66894,66198,412140842,1393-10-20
2015-01-11,66127,65513,66127,65513,495663897,1393-10-21
2015-01-12,66000,65550,65550,66000,339070234,1393-10-22
2015-01-13,66121,65872,66110,65929,476054943,1393-10-23
2015-01-14,65973,65925,65925,65939,369207732,1393-10-24
2015-01-17,66274,65953,65953,66273,296222700,1393-10-27
2015-01-18,66472,66317,66321,66319,304452525,1393-10-28
2015-01-19,66304,65835,66304,65835,357966425,1393-10-29
2015-01-20,65839,65565,65836,65565,248874830,1393-10-30
2015-01-21,65530,65029,65530,65029,318977968,1393-11-01
2015-01-24,65031,64874,65017,65029,280773391,1393-11-04
2015-01-25,65176,65029,65029,65105,298793929,1393-11-05
2015-01-26,65139,65042,65098,65114,208425172,1393-11-06
2015-01-27,65202,65092,65106,65128,243075350,1393-11-07
2015-01-28,65302,65122,65132,65256,405682090,1393-11-08
2015-01-31,65614,65300,65300,65543,401725609,1393-11-11
2015-02-01,65601,65534,65595,65545,524862657,1393-11-12
2015-02-02,65561,65536,65545,65556,532000737,1393-11-13
2015-02-03,65632,65586,65586,65597,449016179,1393-11-14
2015-02-04,65847,65617,65617,65772,761338246,1393-11-15
2015-02-07,65906,65787,65813,65787,534812610,1393-11-18
2015-02-08,65752,65366,65752,65366,598608874,1393-11-19
2015-02-09,65367,64917,65367,64918,451226144,1393-11-20
2015-02-10,64977,64833,64941,64841,529294413,1393-11-21
2015-02-14,64954,64864,64864,64932,427573158,1393-11-25
2015-02-15,64956,64897,64927,64927,398138117,1393-11-26
2015-02-16,65026,64955,64955,64994,602626947,1393-11-27
2015-02-17,65072,64811,65036,64811,581183676,1393-11-28
2015-02-18,64827,64707,64827,64720,566642083,1393-11-29
2015-02-21,64916,64725,64726,64867,346545088,1393-12-02
2015-02-22,64928,64720,64908,64720,337378650,1393-12-03
2015-02-23,64746,64626,64711,64678,314729140,1393-12-04
2015-02-24,64709,64526,64690,64526,278521094,1393-12-05
2015-02-25,64534,64052,64534,64052,271188153,1393-12-06
2015-02-28,64075,63951,64066,63951,257849083,1393-12-09
2015-03-01,63956,63859,63956,63860,475683577,1393-12-10
2015-03-02,64003,63887,63887,63955,717632564,1393-12-11
2015-03-03,64045,63983,63983,63996,563828250,1393-12-12
2015-03-04,64088,64004,64036,64015,536513887,1393-12-13
2015-03-07,64076,63911,64039,63911,429599811,1393-12-16
2015-03-08,63914,63798,63915,63807,318401856,1393-12-17
2015-03-09,63885,63812,63812,63847,258376699,1393-12-18
2015-03-10,63888,63769,63847,63853,293088969,1393-12-19
2015-03-11,64071,63935,63935,64071,263287177,1393-12-20
2015-03-14,64652,64109,64110,64610,524973256,1393-12-23
2015-03-15,64990,64876,64876,64981,555231496,1393-12-24
2015-03-16,65158,65101,65120,65123,773753824,1393-12-25
2015-03-17,65090,61533,65090,61533,375675666,1393-12-26
2015-03-18,62532,61625,61625,62532,766170725,1393-12-27
2015-03-25,62885,62592,62592,62885,284988282,1394-01-05
2015-03-28,63626,62892,62895,63626,572398187,1394-01-08
2015-03-29,65100,63816,63816,65100,943264725,1394-01-09
2015-03-30,65351,65148,65162,65175,726293674,1394-01-10
2015-03-31,65742,65175,65176,65728,615520282,1394-01-11
2015-04-04,67827,65981,65981,67827,377740854,1394-01-15
2015-04-05,70262,68386,68386,70262,1241892162,1394-01-16
2015-04-06,71408,70834,71247,70844,3468340525,1394-01-17
2015-04-07,70857,70160,70857,70160,1348343687,1394-01-18
2015-04-08,70711,70111,70162,70685,1764432603,1394-01-19
2015-04-11,70716,70023,70677,70023,1420866829,1394-01-22
2015-04-12,69985,68784,69985,68784,1113319692,1394-01-23
2015-04-13,68941,68454,68839,68454,1039215767,1394-01-24
2015-04-14,68573,68465,68486,68465,534507404,1394-01-25
2015-04-15,68430,68079,68397,68079,798656141,1394-01-26
2015-04-18,68029,67374,68029,67374,729338763,1394-01-29
2015-04-19,67561,67343,67343,67379,534235296,1394-01-30
2015-04-20,67378,67017,67378,67017,399452045,1394-01-31
2015-04-21,67060,66829,67004,66829,424099393,1394-02-01
2015-04-22,67034,66569,66827,66569,533240929,1394-02-02
2015-04-25,66725,66540,66663,66541,338846311,1394-02-05
2015-04-26,66551,66209,66551,66209,364260531,1394-02-06
2015-04-27,66161,65577,66161,65577,368732329,1394-02-07
2015-04-28,65573,65473,65517,65508,393305200,1394-02-08
2015-04-29,65641,65524,65524,65634,261281551,1394-02-09
2015-05-03,65636,65088,65636,65088,324489172,1394-02-13
2015-05-04,65123,64416,65123,64416,438133054,1394-02-14
2015-05-05,64473,64168,64408,64168,363502776,1394-02-15
2015-05-06,64299,64053,64214,64069,473648161,1394-02-16
2015-05-09,64128,63530,64121,63530,735475945,1394-02-19
2015-05-10,63437,62886,63437,62886,534458495,1394-02-20
2015-05-11,63070,62745,62894,63070,535649318,1394-02-21
2015-05-12,63389,63112,63112,63316,484760401,1394-02-22
2015-05-13,63531,63370,63370,63531,364378540,1394-02-23
2015-05-17,63599,63376,63599,63465,406814272,1394-02-27
2015-05-18,63546,63471,63471,63523,319251347,1394-02-28
2015-05-19,63650,63544,63548,63644,287737024,1394-02-29
2015-05-20,63704,63631,63664,63703,321860920,1394-02-30
2015-05-23,63702,63420,63702,63428,345254125,1394-03-02
2015-05-24,63432,63327,63430,63364,328528209,1394-03-03
2015-05-25,63562,63392,63392,63496,306307415,1394-03-04
2015-05-26,63510,63413,63509,63419,293973683,1394-03-05
2015-05-27,63426,63356,63423,63402,236274206,1394-03-06
2015-05-30,63529,63419,63419,63420,225019587,1394-03-09
2015-05-31,63437,63228,63437,63228,193432039,1394-03-10
2015-06-01,63230,63202,63225,63227,219962946,1394-03-11
2015-06-02,63290,63239,63239,63290,292857620,1394-03-12
2015-06-06,63319,63296,63296,63298,191835406,1394-03-16
2015-06-07,63300,63110,63300,63187,218432616,1394-03-17
2015-06-08,63210,62952,63194,62952,294094822,1394-03-18
2015-06-09,62948,62317,62948,62318,280410753,1394-03-19
2015-06-10,62323,62271,62309,62322,225937852,1394-03-20
2015-06-13,62582,62338,62338,62571,226083166,1394-03-23
2015-06-14,62681,62583,62583,62653,221432566,1394-03-24
2015-06-15,62692,62442,62692,62442,342324068,1394-03-25
2015-06-16,62559,62462,62462,62559,353210139,1394-03-26
2015-06-17,63560,62658,62658,63560,527515679,1394-03-27
2015-06-20,63899,63745,63745,63836,386481174,1394-03-30
2015-06-21,63859,63808,63826,63811,293678800,1394-03-31
2015-06-22,64276,63812,63812,64276,549057902,1394-04-01
2015-06-23,64840,64321,64321,64840,605848150,1394-04-02
2015-06-24,64978,64858,64946,64858,608894461,1394-04-03
2015-06-27,64894,64812,64851,64812,329512110,1394-04-06
2015-06-28,64803,64301,64803,64301,294684159,1394-04-07
2015-06-29,64366,64299,64299,64333,291213201,1394-04-08
2015-06-30,64950,64381,64381,64923,726600809,1394-04-09
2015-07-01,65106,64862,64966,64862,520184137,1394-04-10
2015-07-04,65870,64999,64999,65861,1241910361,1394-04-13
2015-07-05,65980,65780,65947,65780,645141491,1394-04-14
2015-07-06,66020,65793,65793,66020,591230184,1394-04-15
2015-07-07,66761,66092,66092,66761,1006633697,1394-04-16
2015-07-11,66818,66510,66710,66818,511400207,1394-04-20
2015-07-12,67647,66933,66933,67646,701027246,1394-04-21
2015-07-13,69196,68078,68078,69194,1195048810,1394-04-22
2015-07-14,69581,69136,69473,69434,1638898872,1394-04-23
2015-07-15,69769,68828,69769,68828,1059600173,1394-04-24
2015-07-20,68713,68145,68713,68148,499612319,1394-04-29
2015-07-21,68207,68051,68170,68051,439486966,1394-04-30
2015-07-22,68052,67644,68052,67644,365979611,1394-04-31
2015-07-25,67689,67036,67631,67036,353629911,1394-05-03
2015-07-26,67020,66966,67014,66977,459512732,1394-05-04
2015-07-27,66978,66441,66978,66441,417270085,1394-05-05
2015-07-28,66492,66377,66406,66490,385554449,1394-05-06
2015-07-29,66903,66524,66525,66781,622303279,1394-05-07
2015-08-01,67013,66825,66825,66830,540120747,1394-05-10
2015-08-02,66750,66527,66750,66530,575367865,1394-05-11
2015-08-03,66709,66596,66596,66627,432173087,1394-05-12
2015-08-04,66625,66410,66625,66446,356553578,1394-05-13
2015-08-05,66492,66444,66444,66451,270070240,1394-05-14
2015-08-08,66457,65986,66457,66001,411180656,1394-05-17
2015-08-09,66010,65956,66001,65974,328489504,1394-05-18
2015-08-10,66073,65903,65977,65903,341799420,1394-05-19
2015-08-12,65912,65674,65912,65703,316044536,1394-05-21
2015-08-15,65708,65314,65708,65314,261480671,1394-05-24
2015-08-16,65336,65227,65289,65240,294832291,1394-05-25
2015-08-17,65303,65226,65243,65302,351522276,1394-05-26
2015-08-18,65302,65169,65302,65189,340682388,1394-05-27
2015-08-19,65220,65156,65186,65218,282777069,1394-05-28
2015-08-22,65301,65222,65227,65225,276516687,1394-05-31
2015-08-23,65219,64881,65219,64881,317930774,1394-06-01
2015-08-24,64882,64652,64881,64652,229506739,1394-06-02
2015-08-25,64671,64197,64648,64197,372488334,1394-06-03
2015-08-26,64218,64146,64200,64206,335477252,1394-06-04
2015-08-29,64455,64253,64253,64451,513284890,1394-06-07
2015-08-30,64491,64438,64458,64467,372269283,1394-06-08
2015-08-31,64478,64226,64478,64226,330914207,1394-06-09
2015-09-01,64263,64206,64227,64251,256351275,1394-06-10
2015-09-02,64276,64237,64237,64276,486691336,1394-06-11
2015-09-05,64508,64319,64319,64497,358582948,1394-06-14
2015-09-06,64528,64482,64516,64507,354398195,1394-06-15
2015-09-07,64539,64513,64517,64518,304758997,1394-06-16
2015-09-08,64531,64512,64528,64512,229285509,1394-06-17
2015-09-09,64495,63468,64480,63468,360247294,1394-06-18
2015-09-12,63592,63482,63509,63482,269569679,1394-06-21
2015-09-13,63464,62941,63464,62958,404292123,1394-06-22
2015-09-14,62993,62953,62966,62993,363400323,1394-06-23
2015-09-15,62999,62536,62996,62536,286409986,1394-06-24
2015-09-16,62537,62264,62537,62264,264924999,1394-06-25
2015-09-19,62310,62241,62265,62255,242279350,1394-06-28
2015-09-20,62260,61553,62261,61553,395485133,1394-06-29
2015-09-21,61540,61111,61541,61328,467445144,1394-06-30
2015-09-22,61577,61356,61356,61577,376651860,1394-06-31
2015-09-23,61791,61596,61596,61686,542456422,1394-07-01
2015-09-26,61692,61531,61692,61531,236906522,1394-07-04
2015-09-27,61563,61492,61546,61563,753818817,1394-07-05
2015-09-28,61588,61541,61575,61569,230323432,1394-07-06
2015-09-29,61581,61557,61571,61579,248926166,1394-07-07
2015-09-30,61578,61498,61578,61498,227010493,1394-07-08
2015-10-03,61499,61217,61499,61217,333851194,1394-07-11
2015-10-04,61204,61064,61204,61164,328776122,1394-07-12
2015-10-05,61265,61168,61168,61234,210912378,1394-07-13
2015-10-06,61234,61125,61233,61210,351172278,1394-07-14
2015-10-07,61397,61220,61220,61390,236971761,1394-07-15
2015-10-10,61436,61395,61402,61397,205794003,1394-07-18
2015-10-11,61422,61287,61402,61287,343832888,1394-07-19
2015-10-12,61355,61253,61303,61297,320019889,1394-07-20
2015-10-13,61434,61298,61298,61434,346112649,1394-07-21
2015-10-14,61973,61494,61494,61973,442185780,1394-07-22
2015-10-17,62799,62039,62039,62799,716175203,1394-07-25
2015-10-18,63285,62988,62988,63071,712961577,1394-07-26
2015-10-19,63173,63030,63069,63127,347744865,1394-07-27
2015-10-20,63147,63112,63125,63142,332449936,1394-07-28
2015-10-21,63176,63098,63143,63175,243276312,1394-07-29
2015-10-25,63173,62793,63173,62793,231435748,1394-08-03
2015-10-26,62837,62790,62791,62803,204840676,1394-08-04
2015-10-27,62950,62857,62857,62923,195369507,1394-08-05
2015-10-28,62990,62898,62943,62924,207440079,1394-08-06
2015-10-31,62986,62917,62934,62949,246982677,1394-08-09
2015-11-01,62984,62931,62955,62943,284562038,1394-08-10
2015-11-02,62983,62856,62959,62856,699584437,1394-08-11
2015-11-03,62892,62812,62866,62812,269111271,1394-08-12
2015-11-04,63006,62836,62836,62927,404089042,1394-08-13
2015-11-07,63000,62916,62953,63000,433893704,1394-08-16
2015-11-08,63020,62977,63005,62999,318860723,1394-08-17
2015-11-09,63043,62986,63011,63036,233703513,1394-08-18
2015-11-10,63088,63026,63056,63044,270897250,1394-08-19
2015-11-11,63056,62967,63049,63056,313838200,1394-08-20
2015-11-14,63081,63026,63073,63071,278339454,1394-08-23
2015-11-15,63083,63014,63070,63084,366452021,1394-08-24
2015-11-16,63125,63057,63096,63109,405701411,1394-08-25
2015-11-17,63120,63005,63120,63014,323464530,1394-08-26
2015-11-18,63019,62871,63018,62871,305859190,1394-08-27
2015-11-21,62893,62844,62871,62889,330152350,1394-08-30
2015-11-22,62942,62821,62916,62924,265798789,1394-09-01
2015-11-23,62922,62763,62922,62796,326116806,1394-09-02
2015-11-24,62796,62703,62786,62721,399046732,1394-09-03
2015-11-25,62757,62626,62724,62735,348428106,1394-09-04
2015-11-28,62744,62605,62744,62635,347666413,1394-09-07
2015-11-29,62658,62565,62644,62639,352145484,1394-09-08
2015-11-30,62675,62610,62639,62648,308195408,1394-09-09
2015-12-01,62657,62517,62657,62550,259107923,1394-09-10
2015-12-05,62578,62516,62557,62577,204744347,1394-09-14
2015-12-06,62598,62381,62598,62420,342452160,1394-09-15
2015-12-07,62422,62325,62422,62375,308839316,1394-09-16
2015-12-08,62395,62303,62376,62392,257087631,1394-09-17
2015-12-09,62427,62398,62421,62410,241750408,1394-09-18
2015-12-13,62415,62287,62415,62311,202515340,1394-09-22
2015-12-14,62315,62202,62314,62216,257232168,1394-09-23
2015-12-15,62264,62224,62224,62233,284872206,1394-09-24
2015-12-16,62271,62147,62250,62147,352907250,1394-09-25
2015-12-19,62146,61734,62146,61734,278239996,1394-09-28
2015-12-20,61747,61500,61747,61502,406283413,1394-09-29
2015-12-21,61546,61508,61508,61518,316984102,1394-09-30
2015-12-22,61535,61414,61534,61414,283290561,1394-10-01
2015-12-23,61427,61377,61426,61421,317931973,1394-10-02
2015-12-26,61442,61355,61424,61437,425138353,1394-10-05
2015-12-27,61514,61447,61447,61455,409245545,1394-10-06
2015-12-28,61499,61469,61480,61469,403080828,1394-10-07
2015-12-30,61741,61508,61508,61691,521424735,1394-10-09
2016-01-02,61744,61682,61733,61700,355724581,1394-10-12
2016-01-03,61719,61674,61713,61710,435245456,1394-10-13
2016-01-04,61823,61726,61732,61728,552332055,1394-10-14
2016-01-05,62115,61762,61768,62056,652299885,1394-10-15
2016-01-06,62633,62151,62151,62633,931799975,1394-10-16
2016-01-09,63011,62655,62868,62655,679363069,1394-10-19
2016-01-10,62658,62461,62658,62461,600119629,1394-10-20
2016-01-11,62789,62525,62525,62789,718503911,1394-10-21
2016-01-12,62963,62773,62773,62841,983225388,1394-10-22
2016-01-13,63517,62971,62971,63517,1054882198,1394-10-23
2016-01-16,64861,64099,64099,64861,1113324376,1394-10-26
2016-01-17,65958,65424,65635,65424,1781673081,1394-10-27
2016-01-18,65373,64620,65373,65120,1026790720,1394-10-28
2016-01-19,66141,65489,65489,66118,771802453,1394-10-29
2016-01-20,66562,66356,66356,66562,1255517673,1394-10-30
2016-01-23,66960,66690,66690,66960,1917186081,1394-11-03
2016-01-24,67740,67189,67189,67740,1701208813,1394-11-04
2016-01-25,68857,68063,68063,68858,1864735198,1394-11-05
2016-01-26,71001,69441,69441,71000,1845293925,1394-11-06
2016-01-27,71493,70998,71366,71011,2854858861,1394-11-07
2016-01-30,71703,71019,71027,71394,1793069462,1394-11-10
2016-01-31,71388,70984,71388,71119,1638262928,1394-11-11
2016-02-01,72913,71378,71378,72913,1794003477,1394-11-12
2016-02-02,73844,73364,73364,73726,2162094854,1394-11-13
2016-02-03,73902,73648,73902,73684,1958055448,1394-11-14
2016-02-06,74238,73977,73977,74104,1611459260,1394-11-17
2016-02-07,74811,74284,74284,74569,1940282147,1394-11-18
2016-02-08,75784,74912,74912,75784,2131339218,1394-11-19
2016-02-09,78419,76815,76815,78199,3918071545,1394-11-20
2016-02-10,77924,77457,77924,77498,3036555622,1394-11-21
2016-02-13,77532,76515,77516,76594,2284877371,1394-11-24
2016-02-14,76780,76468,76657,76710,1645808335,1394-11-25
2016-02-15,77539,76820,76820,77378,1944789279,1394-11-26
2016-02-16,77698,77091,77698,77142,1742224883,1394-11-27
2016-02-17,77888,77270,77270,77888,1575246085,1394-11-28
2016-02-20,78333,77561,78333,77561,3188199107,1394-12-01
2016-02-21,77516,77141,77516,77235,1891767275,1394-12-02
2016-02-22,77781,77564,77564,77588,1255890673,1394-12-03
2016-02-23,78038,77651,77905,77704,1355282511,1394-12-04
2016-02-24,77840,77573,77707,77840,1127498180,1394-12-05
2016-02-27,78388,78086,78086,78228,913332055,1394-12-08
2016-02-28,78443,77734,78390,77734,1294851075,1394-12-09
2016-02-29,77827,77376,77819,77539,1391355998,1394-12-10
2016-03-01,77891,77614,77892,77649,921930855,1394-12-11
2016-03-02,77698,77596,77692,77698,1748594842,1394-12-12
2016-03-05,78292,78022,78092,78022,1207265098,1394-12-15
2016-03-06,78295,78093,78295,78093,1696026439,1394-12-16
2016-03-07,78434,78143,78220,78158,2247025750,1394-12-17
2016-03-08,78402,78210,78278,78220,1889011435,1394-12-18
2016-03-09,78451,78312,78320,78312,1600090370,1394-12-19
2016-03-12,79430,78542,78542,79366,1213234077,1394-12-22
2016-03-14,80287,79931,79931,80237,1269896471,1394-12-24
2016-03-15,80493,79994,80493,80038,1936746199,1394-12-25
2016-03-16,80305,80068,80068,80219,2328054222,1394-12-26
2016-03-26,81200,80133,80133,81200,785545121,1395-01-07
2016-03-27,81448,81255,81418,81261,1006304416,1395-01-08
2016-03-28,81075,80936,81075,80936,677383208,1395-01-09
2016-03-29,80890,80561,80843,80561,1491153697,1395-01-10
2016-03-30,81499,80775,80775,81480,947224063,1395-01-11
2016-04-02,81724,81432,81680,81537,1151054180,1395-01-14
2016-04-03,81490,80590,81490,80853,1194056551,1395-01-15
2016-04-04,80965,80803,80858,80872,1157971824,1395-01-16
2016-04-05,81030,80853,80983,80966,1134093169,1395-01-17
2016-04-06,81190,80743,81165,80753,1331609557,1395-01-18
2016-04-09,80950,80653,80915,80654,949984739,1395-01-21
2016-04-10,80616,80237,80616,80281,1405931190,1395-01-22
2016-04-11,80331,80165,80274,80262,1112984336,1395-01-23
2016-04-12,80446,79994,80392,80109,1059970613,1395-01-24
2016-04-13,80050,79579,80050,79588,1529162577,1395-01-25
2016-04-16,79448,77933,79448,77985,770506601,1395-01-28
2016-04-17,77710,77446,77710,77516,1153288053,1395-01-29
2016-04-18,78438,77613,77613,78435,1414858036,1395-01-30
2016-04-19,78766,78431,78733,78431,1487443376,1395-01-31
2016-04-20,78637,78197,78637,78269,1102047740,1395-02-01
2016-04-23,78397,78265,78336,78282,988554115,1395-02-04
2016-04-24,78448,78278,78370,78448,895791737,1395-02-05
2016-04-25,78946,78653,78653,78688,1232247655,1395-02-06
2016-04-26,78700,78318,78698,78394,978941590,1395-02-07
2016-04-27,78578,78341,78543,78405,1144237949,1395-02-08
2016-04-30,78586,78400,78491,78415,1423903920,1395-02-11
2016-05-01,78454,78220,78426,78384,1169438109,1395-02-12
2016-05-02,78425,78259,78333,78285,1354698516,1395-02-13
2016-05-03,78382,77969,78383,78044,1138480949,1395-02-14
2016-05-04,78077,77938,78031,78034,1000124292,1395-02-15
2016-05-07,78037,77424,78037,77424,847545752,1395-02-18
2016-05-08,77378,77041,77378,77045,1076651681,1395-02-19
2016-05-09,77302,77094,77094,77106,822621181,1395-02-20
2016-05-10,77071,76607,77071,76630,1058996284,1395-02-21
2016-05-11,76612,75895,76612,75983,1233151695,1395-02-22
2016-05-14,76176,76017,76017,76139,572682541,1395-02-25
2016-05-15,76224,75863,76224,75863,1033134708,1395-02-26
2016-05-16,76006,75866,75974,75980,807516291,1395-02-27
2016-05-17,76306,76072,76072,76293,824990863,1395-02-28
2016-05-18,76464,76330,76348,76413,867967221,1395-02-29
2016-05-21,76530,76443,76454,76448,612749699,1395-03-01
2016-05-23,76708,76494,76494,76614,995000763,1395-03-03
2016-05-24,76693,76543,76665,76693,865052067,1395-03-04
2016-05-25,76958,76702,76702,76853,853942528,1395-03-05
2016-05-28,76946,76618,76893,76691,1019275214,1395-03-08
2016-05-29,76744,76387,76707,76387,907390594,1395-03-09
2016-05-30,76464,76396,76421,76432,758554625,1395-03-10
2016-05-31,76534,76144,76527,76144,637134062,1395-03-11
2016-06-01,76207,76078,76177,76084,712169907,1395-03-12
2016-06-05,76200,76133,76166,76161,763733825,1395-03-16
2016-06-06,76285,76103,76265,76129,746965984,1395-03-17
2016-06-07,76177,75874,76177,75874,726875232,1395-03-18
2016-06-08,75929,75776,75886,75876,803570519,1395-03-19
2016-06-11,75910,74850,75906,74850,884783670,1395-03-22
2016-06-12,74870,74671,74846,74818,796369118,1395-03-23
2016-06-13,74904,74595,74861,74700,665629018,1395-03-24
2016-06-14,74716,73960,74716,73960,811986809,1395-03-25
2016-06-15,73966,73705,73966,73877,725865076,1395-03-26
2016-06-18,74018,73887,73968,73906,601924904,1395-03-29
2016-06-19,73916,73028,73916,73028,585217551,1395-03-30
2016-06-20,72945,72615,72945,72615,586364929,1395-03-31
2016-06-21,72799,72564,72624,72799,903109325,1395-04-01
2016-06-22,73645,72930,72930,73645,681490584,1395-04-02
2016-06-25,73863,73672,73799,73672,753487041,1395-04-05
2016-06-26,73772,73651,73700,73744,870644265,1395-04-06
2016-06-28,74300,73935,73935,74190,1016643262,1395-04-08
2016-06-29,74283,73934,74262,73940,1344188760,1395-04-09
2016-07-02,74001,73932,73967,73966,731508418,1395-04-12
2016-07-03,74137,74063,74063,74064,906311472,1395-04-13
2016-07-04,74095,73947,74095,73947,1072240302,1395-04-14
2016-07-05,74114,73959,73962,74049,768984499,1395-04-15
2016-07-09,74051,73717,74051,73717,573228417,1395-04-19
2016-07-10,73800,73695,73727,73764,718422799,1395-04-20
2016-07-11,73893,73737,73876,73817,754076213,1395-04-21
2016-07-12,73987,73725,73987,73736,854104107,1395-04-22
2016-07-13,73763,73626,73702,73763,866359696,1395-04-23
2016-07-16,73888,73756,73771,73868,910931433,1395-04-26
2016-07-17,74282,74011,74011,74195,912157556,1395-04-27
2016-07-18,74215,74045,74215,74197,918983409,1395-04-28
2016-07-19,74386,74250,74250,74314,913619728,1395-04-29
2016-07-20,74516,74365,74365,74514,447681464,1395-04-30
2016-07-23,74934,74630,74630,74934,538663167,1395-05-02
2016-07-24,75198,75044,75051,75184,718025674,1395-05-03
2016-07-25,75540,75316,75316,75466,880614270,1395-05-04
2016-07-26,75501,75402,75500,75501,607359188,1395-05-05
2016-07-27,76294,75756,75756,76226,842046845,1395-05-06
2016-07-31,76699,76334,76334,76580,899409200,1395-05-10
2016-08-01,76647,76408,76572,76647,881939734,1395-05-11
2016-08-02,77094,76672,76672,77090,885531228,1395-05-12
2016-08-03,77915,77415,77415,77883,892031669,1395-05-13
2016-08-06,78325,78325,78325,78325,1232065081,1395-05-16
2016-08-07,78838,78423,78423,78705,1058324943,1395-05-17
2016-08-08,78830,78325,78778,78325,699878688,1395-05-18
2016-08-09,78437,78345,78345,78368,594333316,1395-05-19
2016-08-10,78464,78190,78405,78190,590248200,1395-05-20
2016-08-13,78219,78093,78180,78219,1052075148,1395-05-23
2016-08-14,78417,78205,78304,78205,621822864,1395-05-24
2016-08-15,78206,77829,78203,77829,523893577,1395-05-25
2016-08-16,77858,77791,77856,77856,972546506,1395-05-26
2016-08-17,77926,77864,77880,77879,972246868,1395-05-27
2016-08-20,78010,77919,77934,77969,518001047,1395-05-30
2016-08-21,78114,77962,78040,78086,635546354,1395-05-31
2016-08-22,78275,78086,78204,78086,779711104,1395-06-01
2016-08-23,78094,77907,78093,77964,498562533,1395-06-02
2016-08-24,78206,78063,78206,78082,599803177,1395-06-03
2016-08-27,78096,77757,78096,77758,535622066,1395-06-06
2016-08-28,77847,77314,77847,77314,648090619,1395-06-07
2016-08-29,77375,77326,77360,77346,502068620,1395-06-08
2016-08-30,77382,77352,77359,77359,448692814,1395-06-09
2016-08-31,77382,77168,77355,77168,410053467,1395-06-10
2016-09-03,77184,76747,77185,76747,386460979,1395-06-13
2016-09-04,76785,76509,76785,76509,442120657,1395-06-14
2016-09-05,76523,76486,76523,76522,344244733,1395-06-15
2016-09-06,76703,76546,76546,76670,438588195,1395-06-16
2016-09-07,76886,76742,76747,76742,540704524,1395-06-17
2016-09-10,76747,76611,76747,76640,340525013,1395-06-20
2016-09-11,76698,76644,76649,76644,335530998,1395-06-21
2016-09-13,76678,76444,76661,76444,481329946,1395-06-23
2016-09-14,76477,76348,76475,76455,482743251,1395-06-24
2016-09-17,76460,76105,76460,76105,418170547,1395-06-27
2016-09-18,76179,76099,76103,76167,441254830,1395-06-28
2016-09-19,76321,76176,76177,76273,374432063,1395-06-29
2016-09-21,76451,76338,76338,76451,443678830,1395-06-31
2016-09-24,76907,76488,76488,76907,583727158,1395-07-03
2016-09-25,77121,77010,77071,77082,851698625,1395-07-04
2016-09-26,77153,77059,77094,77090,542232957,1395-07-05
2016-09-27,77209,77116,77116,77143,607802085,1395-07-06
2016-09-28,77357,77199,77199,77300,916196594,1395-07-07
2016-10-01,77605,77459,77459,77479,888103203,1395-07-10
2016-10-02,77533,77288,77522,77288,867379363,1395-07-11
2016-10-03,77414,77265,77356,77265,1121294189,1395-07-12
2016-10-04,77494,77335,77450,77335,1426371562,1395-07-13
2016-10-05,77343,77183,77318,77183,1024526425,1395-07-14
2016-10-08,77278,77190,77247,77217,645546515,1395-07-17
2016-10-09,77480,77208,77215,77436,659417443,1395-07-18
2016-10-10,77671,77470,77470,77655,746328178,1395-07-19
2016-10-15,77915,77726,77726,77886,789203325,1395-07-24
2016-10-16,77911,77569,77910,77569,894501512,1395-07-25
2016-10-17,77720,77526,77569,77707,709354167,1395-07-26
2016-10-18,77885,77774,77774,77850,750397608,1395-07-27
2016-10-19,78092,77890,77890,78092,789024957,1395-07-28
2016-10-22,78430,78155,78155,78387,722413373,1395-08-01
2016-10-23,78517,78370,78498,78370,729124060,1395-08-02
2016-10-24,78580,78452,78452,78569,738689282,1395-08-03
2016-10-25,78809,78594,78594,78809,728071044,1395-08-04
2016-10-26,79304,78837,78837,79300,909022745,1395-08-05
2016-10-29,80493,79363,79363,80341,995915155,1395-08-08
2016-10-30,80512,80338,80512,80339,744414561,1395-08-09
2016-10-31,80528,80264,80372,80264,782340752,1395-08-10
2016-11-01,80285,79659,80285,79659,611760573,1395-08-11
2016-11-02,79681,79634,79671,79671,496920167,1395-08-12
2016-11-05,79736,79253,79736,79254,529008226,1395-08-15
2016-11-06,79278,79138,79269,79138,477977179,1395-08-16
2016-11-07,79635,79270,79270,79632,669906934,1395-08-17
2016-11-08,79903,79718,79718,79871,649221414,1395-08-18
2016-11-09,79340,78396,79340,78412,980869093,1395-08-19
2016-11-12,79070,78782,78782,79011,972081062,1395-08-22
2016-11-13,79258,79048,79227,79048,725779491,1395-08-23
2016-11-14,79378,79095,79095,79342,615121502,1395-08-24
2016-11-15,79459,79153,79394,79236,683483000,1395-08-25
2016-11-16,79418,79268,79280,79268,760509642,1395-08-26
2016-11-19,79336,79128,79308,79279,478374133,1395-08-29
2016-11-21,79369,79306,79306,79319,365362985,1395-09-01
2016-11-22,79419,79361,79361,79394,489639622,1395-09-02
2016-11-23,79450,79384,79426,79386,438677720,1395-09-03
2016-11-26,79608,79511,79511,79541,522042318,1395-09-06
2016-11-27,79685,79579,79579,79626,532427825,1395-09-07
2016-11-29,80019,79646,79646,80019,567699395,1395-09-09
2016-12-03,80180,80034,80180,80059,565139495,1395-09-13
2016-12-04,80115,80050,80078,80064,483516179,1395-09-14
2016-12-05,80175,80014,80158,80081,551388603,1395-09-15
2016-12-06,80851,80140,80140,80830,825084533,1395-09-16
2016-12-07,81344,80965,80965,81342,878130451,1395-09-17
2016-12-10,81506,81250,81401,81250,432760989,1395-09-20
2016-12-11,81265,80926,81265,80926,321295615,1395-09-21
2016-12-12,81130,80914,81011,80916,409798564,1395-09-22
2016-12-13,80929,80741,80912,80741,311489285,1395-09-23
2016-12-14,80807,80684,80792,80684,559333382,1395-09-24
2016-12-18,80783,80675,80690,80709,337890932,1395-09-28
2016-12-19,80766,80413,80724,80413,399300257,1395-09-29
2016-12-20,80511,80123,80511,80123,457718537,1395-09-30
2016-12-21,80251,80128,80128,80250,302767348,1395-10-01
2016-12-24,80271,80161,80252,80161,327757779,1395-10-04
2016-12-25,80159,79899,80159,79899,321282128,1395-10-05
2016-12-26,80092,79926,79926,79966,423290695,1395-10-06
2016-12-27,80002,79801,79980,79801,456311070,1395-10-07
2016-12-28,79871,79598,79822,79692,417275596,1395-10-08
2016-12-31,79758,79487,79698,79487,377297812,1395-10-11
2017-01-01,79482,78896,79482,78896,355386517,1395-10-12
2017-01-02,78969,78699,78895,78969,523586855,1395-10-13
2017-01-03,79011,78952,78970,78984,431588763,1395-10-14
2017-01-04,79017,78959,79017,78990,335822773,1395-10-15
2017-01-07,79010,78826,79002,78826,528364364,1395-10-18
2017-01-08,78911,78829,78845,78833,539142082,1395-10-19
2017-01-09,78824,78610,78824,78610,377573005,1395-10-20
2017-01-11,78653,78555,78653,78622,464134231,1395-10-22
2017-01-14,78946,78709,78709,78876,593739399,1395-10-25
2017-01-15,79131,78961,78961,79073,636336284,1395-10-26
2017-01-16,79118,79070,79102,79084,526417183,1395-10-27
2017-01-17,79293,79033,79119,79280,522553573,1395-10-28
2017-01-18,79465,79310,79310,79382,450933386,1395-10-29
2017-01-21,79394,79206,79390,79207,327039924,1395-11-02
2017-01-22,79218,79154,79212,79218,343160515,1395-11-03
2017-01-23,79311,79217,79227,79264,369502928,1395-11-04
2017-01-24,79312,78249,79281,78249,458620889,1395-11-05
2017-01-25,78326,78049,78313,78049,578604704,1395-11-06
2017-01-28,78054,77714,78054,77714,493440711,1395-11-09
2017-01-29,77756,77706,77716,77707,400127230,1395-11-10
2017-01-30,78000,77753,77753,77961,660598594,1395-11-11
2017-01-31,78123,77975,78102,77975,1097820999,1395-11-12
2017-02-01,78004,77415,77980,77415,707988262,1395-11-13
2017-02-04,77415,76826,77415,76826,430367825,1395-11-16
2017-02-05,76831,76616,76831,76616,496088909,1395-11-17
2017-02-06,76750,76615,76615,76679,593036529,1395-11-18
2017-02-07,76874,76766,76773,76766,573464679,1395-11-19
2017-02-08,76796,76732,76787,76793,547749184,1395-11-20
2017-02-11,76968,76798,76952,76817,541701985,1395-11-23
2017-02-12,76837,76772,76821,76828,438821760,1395-11-24
2017-02-13,77126,76868,76868,76976,468334161,1395-11-25
2017-02-14,77061,76965,77009,77000,448809768,1395-11-26
2017-02-15,77209,77024,77024,77190,526633365,1395-11-27
2017-02-18,77613,77203,77203,77599,689645155,1395-11-30
2017-02-19,77772,77648,77648,77659,513805287,1395-12-01
2017-02-20,77754,77698,77706,77698,492334083,1395-12-02
2017-02-21,77816,77734,77734,77800,453863740,1395-12-03
2017-02-22,77898,77818,77818,77847,540287264,1395-12-04
2017-02-25,77924,77850,77912,77864,570237910,1395-12-07
2017-02-26,77892,77575,77892,77575,660791316,1395-12-08
2017-02-27,77617,77573,77586,77591,514918481,1395-12-09
2017-02-28,77694,77593,77638,77602,698074498,1395-12-10
2017-03-01,77654,77475,77632,77475,536848172,1395-12-11
2017-03-04,77463,77135,77464,77135,477982967,1395-12-14
2017-03-05,77140,76767,77128,76767,508083603,1395-12-15
2017-03-06,76870,76780,76799,76790,474546306,1395-12-16
2017-03-07,76830,76735,76821,76800,526249184,1395-12-17
2017-03-08,76806,76286,76806,76286,728357364,1395-12-18
2017-03-11,76316,76196,76287,76316,553986143,1395-12-21
2017-03-12,76375,76286,76323,76329,497847420,1395-12-22
2017-03-13,76464,76332,76362,76332,526016064,1395-12-23
2017-03-14,76640,76395,76395,76639,631938739,1395-12-24
2017-03-15,76776,76659,76659,76738,460658326,1395-12-25
2017-03-18,77230,76789,76789,77230,483585946,1395-12-28
2017-03-25,77494,77239,77239,77486,282764388,1396-01-05
2017-03-26,77542,77493,77505,77503,362972179,1396-01-06
2017-03-27,77529,77481,77519,77523,356510812,1396-01-07
2017-03-28,77577,77533,77533,77548,466165632,1396-01-08
2017-03-29,77607,77565,77575,77584,547432473,1396-01-09
2017-04-03,77668,77599,77599,77617,409651889,1396-01-14
2017-04-04,77698,77611,77683,77647,597067676,1396-01-15
2017-04-05,77740,77680,77680,77690,652694100,1396-01-16
2017-04-08,77912,77784,77784,77805,768552029,1396-01-19
2017-04-09,78048,77860,77945,77860,891601534,1396-01-20
2017-04-10,78204,78007,78007,78108,1243357716,1396-01-21
2017-04-12,78174,78122,78149,78132,1140348760,1396-01-23
2017-04-15,78510,78230,78230,78383,1269618602,1396-01-26
2017-04-16,78650,78456,78519,78472,1246050659,1396-01-27
2017-04-17,78561,78247,78542,78248,860911727,1396-01-28
2017-04-18,78432,78306,78306,78340,776121170,1396-01-29
2017-04-19,78658,78465,78465,78651,852667171,1396-01-30
2017-04-22,79303,78812,78813,79303,982701666,1396-02-02
2017-04-23,79578,79391,79467,79391,1012683752,1396-02-03
2017-04-24,79461,79366,79407,79426,803888712,1396-02-04
2017-04-26,79597,79512,79548,79597,894705199,1396-02-06
2017-04-29,79823,79670,79670,79756,813111262,1396-02-09
2017-04-30,79919,79785,79822,79785,834677365,1396-02-10
2017-05-01,79910,79730,79797,79827,886214149,1396-02-11
2017-05-02,80014,79888,79888,79942,832219609,1396-02-12
2017-05-03,80099,79952,79996,79969,685659738,1396-02-13
2017-05-06,80027,79697,80023,79697,758427230,1396-02-16
2017-05-07,79705,79604,79705,79661,793756615,1396-02-17
2017-05-08,79773,79733,79756,79744,914369596,1396-02-18
2017-05-09,79859,79664,79761,79859,966644816,1396-02-19
2017-05-10,80143,80013,80013,80127,876364862,1396-02-20
2017-05-13,80177,80139,80152,80142,506640340,1396-02-23
2017-05-14,80141,79959,80141,79963,523527578,1396-02-24
2017-05-15,80005,79957,79972,79958,380350325,1396-02-25
2017-05-16,80171,80043,80043,80129,450153875,1396-02-26
2017-05-17,80398,80235,80235,80344,768674494,1396-02-27
2017-05-20,81133,80838,80838,81078,865549027,1396-02-30
2017-05-21,81256,81149,81149,81194,683041936,1396-02-31
2017-05-22,81309,81122,81238,81124,472248585,1396-03-01
2017-05-23,81183,81124,81152,81124,504571215,1396-03-02
2017-05-24,81149,81068,81140,81146,545232776,1396-03-03
2017-05-27,81162,80921,81155,80921,397277900,1396-03-06
2017-05-28,80944,80713,80944,80713,387485176,1396-03-07
2017-05-29,80730,80600,80716,80608,479311856,1396-03-08
2017-05-30,80622,80504,80609,80512,396938231,1396-03-09
2017-05-31,80566,80513,80525,80513,471321712,1396-03-10
2017-06-03,80548,80289,80529,80289,385262771,1396-03-13
2017-06-06,80332,80284,80310,80294,317644540,1396-03-16
2017-06-07,80300,79758,80297,79758,526406132,1396-03-17
2017-06-10,79898,79811,79811,79856,306726428,1396-03-20
2017-06-11,79884,79845,79865,79871,371698390,1396-03-21
2017-06-12,79873,79564,79873,79564,261660303,1396-03-22
2017-06-13,79576,79427,79569,79427,368730039,1396-03-23
2017-06-14,79474,79432,79440,79466,427765186,1396-03-24
2017-06-17,79534,79285,79486,79285,329196974,1396-03-27
2017-06-18,79298,78990,79295,78990,409022368,1396-03-28
2017-06-19,79002,78859,79002,78859,305463874,1396-03-29
2017-06-20,78884,78834,78861,78868,312427234,1396-03-30
2017-06-21,78884,78736,78880,78736,291781139,1396-03-31
2017-06-24,78772,78653,78757,78653,241221183,1396-04-03
2017-06-25,78707,78661,78672,78666,314537803,1396-04-04
2017-06-28,78760,78687,78687,78704,270549888,1396-04-07
2017-07-01,78821,78751,78751,78800,359152098,1396-04-10
2017-07-02,78821,78765,78808,78765,271593492,1396-04-11
2017-07-03,78775,78659,78776,78659,318721398,1396-04-12
2017-07-04,78671,78622,78654,78632,359722160,1396-04-13
2017-07-05,78734,78645,78652,78700,411698962,1396-04-14
2017-07-08,78893,78800,78800,78882,455327119,1396-04-17
2017-07-09,78993,78900,78900,78985,412708513,1396-04-18
2017-07-10,79387,79009,79010,79377,550452221,1396-04-19
2017-07-11,79511,79415,79415,79490,484421123,1396-04-20
2017-07-12,79566,79510,79511,79510,393350400,1396-04-21
2017-07-15,79684,79530,79530,79659,494583736,1396-04-24
2017-07-16,79700,79609,79669,79621,387846256,1396-04-25
2017-07-17,79706,79629,79682,79693,624199267,1396-04-26
2017-07-18,79793,79733,79733,79736,360353865,1396-04-27
2017-07-19,80178,79764,79764,80162,349690575,1396-04-28
2017-07-22,80672,80250,80250,80671,425926199,1396-04-31
2017-07-23,80889,80676,80694,80863,579637395,1396-05-01
2017-07-24,81008,80894,80894,80934,493755121,1396-05-02
2017-07-25,81243,80882,80978,81182,514926914,1396-05-03
2017-07-26,81628,81298,81298,81509,789010339,1396-05-04
2017-07-29,81572,81351,81572,81421,369815411,1396-05-07
2017-07-30,81635,81438,81438,81491,435047469,1396-05-08
2017-07-31,81597,81502,81502,81534,424389336,1396-05-09
2017-08-01,81566,81416,81554,81416,344923822,1396-05-10
2017-08-02,81446,81266,81436,81266,336267489,1396-05-11
2017-08-06,81425,81303,81303,81384,358790760,1396-05-15
2017-08-07,81402,81286,81398,81286,359096536,1396-05-16
2017-08-08,81347,81278,81300,81314,351800627,1396-05-17
2017-08-09,81626,81371,81371,81579,479424405,1396-05-18
2017-08-12,81806,81613,81613,81763,405760701,1396-05-21
2017-08-13,81819,81661,81772,81662,343665635,1396-05-22
2017-08-14,81674,81597,81665,81659,367870438,1396-05-23
2017-08-15,81717,81611,81660,81696,466185239,1396-05-24
2017-08-16,81742,81696,81696,81742,374967823,1396-05-25
2017-08-19,82021,81808,81808,81955,642394200,1396-05-28
2017-08-20,82016,81984,81987,82016,345151995,1396-05-29
2017-08-21,82084,82023,82043,82075,448067687,1396-05-30
2017-08-22,82428,82120,82120,82372,581756878,1396-05-31
2017-08-23,82570,82414,82414,82542,508257658,1396-06-01
2017-08-26,82933,82584,82584,82897,595865467,1396-06-04
2017-08-27,82968,82853,82925,82885,432196370,1396-06-05
2017-08-28,83015,82898,82898,83012,438616274,1396-06-06
2017-08-29,83402,83106,83106,83252,808686531,1396-06-07
2017-08-30,83343,83263,83295,83273,542570374,1396-06-08
2017-09-02,83441,83290,83299,83428,403999059,1396-06-11
2017-09-03,83586,83298,83479,83345,703533347,1396-06-12
2017-09-04,83504,83334,83346,83452,493861967,1396-06-13
2017-09-05,83764,83461,83461,83734,440145695,1396-06-14
2017-09-06,83762,83675,83744,83675,357292996,1396-06-15
2017-09-10,83530,83256,83531,83256,342500585,1396-06-19
2017-09-11,83369,83238,83238,83369,367430294,1396-06-20
2017-09-12,83490,83371,83371,83469,344921026,1396-06-21
2017-09-13,83534,83481,83514,83524,457535160,1396-06-22
2017-09-16,83686,83524,83524,83683,440080617,1396-06-25
2017-09-17,83917,83732,83732,83917,376260488,1396-06-26
2017-09-18,84414,83944,83944,84414,369001807,1396-06-27
2017-09-19,85344,84455,84455,85344,591741081,1396-06-28
2017-09-20,85832,85416,85416,85832,746454091,1396-06-29
2017-09-23,85873,85769,85873,85798,581279355,1396-07-01
2017-09-24,85820,85572,85820,85589,523685887,1396-07-02
2017-09-25,85646,85517,85611,85517,452172627,1396-07-03
2017-09-26,85656,85620,85625,85629,531526448,1396-07-04
2017-09-27,85879,85742,85742,85819,656097470,1396-07-05
2017-10-02,85840,85488,85840,85515,734396480,1396-07-10
2017-10-03,85517,85355,85513,85355,416994991,1396-07-11
2017-10-04,85481,85364,85364,85430,444226427,1396-07-12
2017-10-07,85520,85069,85517,85070,510525424,1396-07-15
2017-10-08,85306,84555,85306,84565,619912272,1396-07-16
2017-10-09,84626,84568,84568,84612,338338552,1396-07-17
2017-10-10,84751,84619,84619,84734,347527794,1396-07-18
2017-10-11,84753,84726,84748,84744,431028121,1396-07-19
2017-10-14,85264,84853,84853,85264,341431300,1396-07-22
2017-10-15,85395,85284,85284,85395,380881338,1396-07-23
2017-10-16,85594,85424,85424,85591,447244793,1396-07-24
2017-10-17,85686,85616,85616,85660,481133856,1396-07-25
2017-10-18,85771,85696,85707,85768,421161689,1396-07-26
2017-10-21,86430,85857,85857,86430,580515297,1396-07-29
2017-10-22,86553,86459,86547,86480,468221772,1396-07-30
2017-10-23,86482,86326,86482,86346,637586756,1396-08-01
2017-10-24,86529,86351,86351,86529,570310532,1396-08-02
2017-10-25,86652,86564,86564,86637,486602023,1396-08-03
2017-10-28,86940,86681,86681,86935,514438428,1396-08-06
2017-10-29,87417,86986,86986,87417,717768674,1396-08-07
2017-10-30,87580,87477,87520,87477,526693381,1396-08-08
2017-10-31,87650,87484,87515,87650,614297731,1396-08-09
2017-11-01,87883,87731,87731,87845,550865532,1396-08-10
2017-11-04,87933,87842,87887,87869,397820326,1396-08-13
2017-11-05,87974,87886,87886,87905,589352232,1396-08-14
2017-11-07,87970,87867,87867,87883,408136004,1396-08-16
2017-11-08,87912,87880,87880,87897,420925272,1396-08-17
2017-11-11,87926,87795,87909,87795,396066145,1396-08-20
2017-11-12,87812,87745,87800,87745,392758952,1396-08-21
2017-11-13,87868,87762,87762,87832,394865969,1396-08-22
2017-11-14,87976,87850,87851,87950,366824284,1396-08-23
2017-11-15,88017,87952,87952,88006,455852068,1396-08-24
2017-11-18,88222,88028,88028,88202,365136471,1396-08-27
2017-11-20,88355,88259,88269,88261,452532530,1396-08-29
2017-11-21,88775,88465,88465,88775,690757403,1396-08-30
2017-11-22,89339,88829,88829,89339,772486338,1396-09-01
2017-11-25,90491,89626,89626,90470,816234130,1396-09-04
2017-11-26,90728,90600,90663,90656,839356045,1396-09-05
2017-11-28,91265,90774,90774,91255,1059092751,1396-09-07
2017-11-29,91329,91114,91285,91152,609099840,1396-09-08
2017-12-02,91358,91208,91208,91297,421403701,1396-09-11
2017-12-03,91313,90952,91313,90952,563360954,1396-09-12
2017-12-04,91055,90936,90949,90937,632506274,1396-09-13
2017-12-05,91183,90937,90937,91092,705537780,1396-09-14
2017-12-09,91240,91119,91121,91160,688957577,1396-09-18
2017-12-10,91279,91197,91229,91199,579629801,1396-09-19
2017-12-11,91552,91266,91266,91552,1051050843,1396-09-20
2017-12-12,92643,91841,91841,92629,1097399205,1396-09-21
2017-12-13,93343,92766,92766,93284,1058508125,1396-09-22
2017-12-14,93284,93284,0,93284,0,1396-09-23
2017-12-15,93284,93284,0,93284,0,1396-09-24
2017-12-16,94606,93946,93946,94606,993216577,1396-09-25
2017-12-17,95785,94821,94821,95601,1047244461,1396-09-26
2017-12-18,95634,95394,95623,95477,966728842,1396-09-27
2017-12-19,95703,95478,95478,95591,756397201,1396-09-28
2017-12-20,95607,95428,95599,95509,632010027,1396-09-29
2017-12-23,96816,95580,95580,96816,760218565,1396-10-02
2017-12-24,97529,96841,96841,97529,705508959,1396-10-03
2017-12-25,98374,97601,97601,98358,1011546687,1396-10-04
2017-12-26,98627,98151,98362,98153,890219449,1396-10-05
2017-12-27,98514,97899,98153,97899,673860004,1396-10-06
2017-12-30,97848,96981,97848,97211,914692682,1396-10-09
2017-12-31,97166,95454,97166,95562,1529977205,1396-10-10
2018-01-01,96233,95569,95569,96208,595867852,1396-10-11
2018-01-02,96354,96216,96216,96241,570574390,1396-10-12
2018-01-03,96264,95929,96249,95929,565339549,1396-10-13
2018-01-06,96281,95919,95919,96270,447671576,1396-10-16
2018-01-07,96374,96234,96276,96234,527099141,1396-10-17
2018-01-08,96352,96237,96237,96332,474668862,1396-10-18
2018-01-09,96360,96141,96336,96149,396642074,1396-10-19
2018-01-10,96261,96148,96148,96186,493440801,1396-10-20
2018-01-13,96734,96268,96268,96628,483200345,1396-10-23
2018-01-14,97231,96647,96647,97229,603722263,1396-10-24
2018-01-15,97966,97245,97245,97944,770534482,1396-10-25
2018-01-16,98604,97958,97958,98597,750575870,1396-10-26
2018-01-17,98959,98616,98616,98924,673012692,1396-10-27
2018-01-20,99075,98817,98947,98817,578080963,1396-10-30
2018-01-21,98813,98221,98813,98221,641420856,1396-11-01
2018-01-22,98680,98218,98218,98628,602466217,1396-11-02
2018-01-23,99225,98644,98644,99225,557183343,1396-11-03
2018-01-24,99607,99271,99271,99522,811472176,1396-11-04
2018-01-27,99607,99356,99524,99356,593019097,1396-11-07
2018-01-28,99564,99364,99364,99414,472836979,1396-11-08
2018-01-29,99502,99046,99428,99046,522720125,1396-11-09
2018-01-30,99065,98558,99056,98558,467614500,1396-11-10
2018-01-31,98562,98134,98562,98134,524699339,1396-11-11
2018-02-03,98146,97719,98130,97719,485608206,1396-11-14
2018-02-04,97879,97706,97716,97808,503469789,1396-11-15
2018-02-05,98051,97809,97809,98034,665449655,1396-11-16
2018-02-06,98094,97914,98041,97928,552628240,1396-11-17
2018-02-07,98320,97931,97931,98300,502892223,1396-11-18
2018-02-10,98246,97782,98246,97783,570418058,1396-11-21
2018-02-12,98004,97789,97789,97925,632552345,1396-11-23
2018-02-13,98180,97931,97931,98103,868485770,1396-11-24
2018-02-14,98350,98120,98120,98348,560848565,1396-11-25
2018-02-17,98604,98371,98371,98430,702844931,1396-11-28
2018-02-18,98463,98300,98430,98301,599153281,1396-11-29
2018-02-19,98339,98148,98299,98148,536894133,1396-11-30
2018-02-21,98250,98156,98159,98157,600756977,1396-12-02
2018-02-24,98314,98177,98197,98177,972907282,1396-12-05
2018-02-25,98211,98080,98181,98080,585444695,1396-12-06
2018-02-26,98173,98097,98097,98098,599756844,1396-12-07
2018-02-27,98230,98097,98106,98101,606924486,1396-12-08
2018-02-28,98182,97961,98116,97962,724356240,1396-12-09
2018-03-03,97969,97388,97969,97389,713100298,1396-12-12
2018-03-04,97446,97354,97401,97354,982783771,1396-12-13
2018-03-05,97401,97183,97362,97183,657361713,1396-12-14
2018-03-06,97218,96991,97163,96991,567634678,1396-12-15
2018-03-07,96998,96860,96984,96860,439280043,1396-12-16
2018-03-10,96890,96594,96880,96594,564978160,1396-12-19
2018-03-11,96608,96028,96600,96028,608242531,1396-12-20
2018-03-12,96241,96032,96032,96194,615210052,1396-12-21
2018-03-13,96314,96202,96202,96314,514444919,1396-12-22
2018-03-14,96464,95526,96320,95526,996557547,1396-12-23
2018-03-17,95688,95530,95530,95577,828082262,1396-12-26
2018-03-18,95820,95617,95617,95820,593073857,1396-12-27
2018-03-19,96337,95863,95863,96290,642517060,1396-12-28
2018-03-25,96432,96339,96339,96426,231122545,1397-01-05
2018-03-26,96612,96420,96431,96490,638122066,1397-01-06
2018-03-27,96623,96494,96494,96597,613589161,1397-01-07
2018-03-28,96951,96599,96599,96939,556581385,1397-01-08
2018-04-03,97162,96949,96949,97086,303436388,1397-01-14
2018-04-04,97150,97090,97090,97150,465922708,1397-01-15
2018-04-07,97187,96780,97159,96780,509292773,1397-01-18
2018-04-08,96750,96341,96750,96341,681334081,1397-01-19
2018-04-09,97135,96377,96377,97121,951530613,1397-01-20
2018-04-10,97164,96748,97134,96748,617481710,1397-01-21
2018-04-11,96799,96265,96762,96287,643430226,1397-01-22
2018-04-15,96308,95988,96288,95988,415159159,1397-01-26
2018-04-16,96000,95506,95991,95506,401671442,1397-01-27
2018-04-17,95589,95523,95580,95523,344368223,1397-01-28
2018-04-18,95628,95518,95572,95524,307682180,1397-01-29
2018-04-21,95566,95266,95532,95266,315481776,1397-02-01
2018-04-22,95271,94494,95271,94494,475819268,1397-02-02
2018-04-23,94513,94300,94497,94300,336115526,1397-02-03
2018-04-24,94629,94316,94316,94576,440044526,1397-02-04
2018-04-25,94884,94584,94584,94796,405346220,1397-02-05
2018-04-28,94804,94284,94797,94284,433556875,1397-02-08
2018-04-29,94299,93806,94291,93806,409784360,1397-02-09
2018-04-30,93866,93587,93808,93587,411792027,1397-02-10
2018-05-01,93631,93586,93609,93612,463259578,1397-02-11
2018-05-05,93642,93101,93642,93101,426059549,1397-02-15
2018-05-06,93101,92850,93101,92850,493919048,1397-02-16
2018-05-07,93166,92856,92856,93166,362163673,1397-02-17
2018-05-08,93606,93208,93208,93606,582180046,1397-02-18
2018-05-09,93835,93654,93654,93691,1146491571,1397-02-19
2018-05-12,93934,93684,93684,93891,499760226,1397-02-22
2018-05-13,94183,93954,93954,94166,633613735,1397-02-23
2018-05-14,94704,94214,94214,94703,672194377,1397-02-24
2018-05-15,94942,94770,94770,94906,845227755,1397-02-25
2018-05-16,94980,94902,94934,94940,789244307,1397-02-26
2018-05-19,95174,94972,94972,95103,745670716,1397-02-29
2018-05-20,95235,95118,95143,95136,718852205,1397-02-30
2018-05-21,95260,95134,95134,95227,746724467,1397-02-31
2018-05-22,95283,95219,95242,95230,560598571,1397-03-01
2018-05-23,95511,95244,95244,95445,552911458,1397-03-02
2018-05-26,95930,95499,95499,95794,690589501,1397-03-05
2018-05-27,95887,95626,95839,95626,581640913,1397-03-06
2018-05-28,95655,95530,95627,95530,554600964,1397-03-07
2018-05-29,95647,95410,95532,95410,605058731,1397-03-08
2018-05-30,95665,95434,95434,95578,658934481,1397-03-09
2018-06-02,96026,95610,95610,95952,635002100,1397-03-12
2018-06-03,96025,95970,95970,95999,501256220,1397-03-13
2018-06-09,96252,96064,96084,96077,759223612,1397-03-19
2018-06-10,96139,95916,96088,95916,750126343,1397-03-20
2018-06-11,95975,95846,95959,95847,842439725,1397-03-21
2018-06-12,96379,95875,95875,96379,994682304,1397-03-22
2018-06-13,99146,96445,96445,99146,1561752572,1397-03-23
2018-06-17,102452,100306,100306,102452,1713266540,1397-03-27
2018-06-18,104806,103957,103957,104534,2492685344,1397-03-28
2018-06-19,106511,104444,104534,106504,1766062525,1397-03-29
2018-06-20,109037,106787,106787,108873,2418699077,1397-03-30
2018-06-23,109401,109005,109012,109401,1414780326,1397-04-02
2018-06-24,112080,109586,109586,112061,2322336147,1397-04-03
2018-06-25,115226,112454,112454,115174,2898371651,1397-04-04
2018-06-26,115554,113450,115554,113528,2077155117,1397-04-05
2018-06-27,113810,111324,113663,111325,1757409634,1397-04-06
2018-06-30,111850,111441,111467,111528,982618931,1397-04-09
2018-07-01,111509,108694,111509,108694,1201195230,1397-04-10
2018-07-02,109937,108836,108836,109937,827791607,1397-04-11
2018-07-03,112472,110385,110385,112346,1276861683,1397-04-12
2018-07-04,113243,112489,112866,112490,1452445519,1397-04-13
2018-07-07,112397,111051,112397,111052,895787967,1397-04-16
2018-07-08,111333,110851,111333,110851,682846808,1397-04-17
2018-07-10,111259,110848,110856,110849,557166400,1397-04-19
2018-07-11,110831,109505,110831,109505,761779815,1397-04-20
2018-07-14,109545,108916,109499,108917,721915319,1397-04-23
2018-07-15,109101,108058,108915,108072,787747400,1397-04-24
2018-07-16,108566,108062,108062,108110,759087675,1397-04-25
2018-07-17,108340,107693,108120,107781,867494157,1397-04-26
2018-07-18,108216,107737,107785,107777,1476150668,1397-04-27
2018-07-21,108367,108047,108047,108296,578246120,1397-04-30
2018-07-22,108989,108595,108595,108831,892572773,1397-04-31
2018-07-23,108885,108444,108884,108659,560449173,1397-05-01
2018-07-24,108853,108395,108729,108396,797959318,1397-05-02
2018-07-25,108800,108326,108416,108800,884550086,1397-05-03
2018-07-26,108800,108800,0,108800,0,1397-05-04
2018-07-27,108800,108800,0,108800,0,1397-05-05
2018-07-28,111921,109754,109754,111878,1334019975,1397-05-06
2018-07-29,114032,112854,112854,113852,1586789908,1397-05-07
2018-07-30,116843,114498,114498,116760,1957163647,1397-05-08
2018-07-31,121173,117132,117132,121174,1182401893,1397-05-09
2018-08-01,124590,121438,121438,123951,2084801845,1397-05-10
2018-08-04,124837,123579,123878,124354,1587941842,1397-05-13
2018-08-05,128591,125074,125074,128448,2572607402,1397-05-14
2018-08-06,133842,128955,128955,133646,3362601401,1397-05-15
2018-08-07,134421,132718,133354,133584,2525485689,1397-05-16
2018-08-08,133714,131521,133691,131522,2012006173,1397-05-17
2018-08-11,131504,129013,131504,129014,1506819563,1397-05-20
2018-08-12,130579,129018,129018,129902,1565164362,1397-05-21
2018-08-13,129944,128314,129944,128523,1556578449,1397-05-22
2018-08-14,131233,128728,128728,130928,1416086923,1397-05-23
2018-08-15,130960,130476,130759,130477,1069357429,1397-05-24
2018-08-18,131536,130524,130583,131536,1183496874,1397-05-27
2018-08-19,134835,132080,132080,134355,1523400771,1397-05-28
2018-08-20,137180,135265,135265,137073,1868397416,1397-05-29
2018-08-21,137261,136880,137120,136911,1487865552,1397-05-30
2018-08-25,138195,136343,137163,136343,1386279049,1397-06-03
2018-08-26,138582,136594,137185,138583,1627794834,1397-06-04
2018-08-27,140540,138924,138924,140309,2284097301,1397-06-05
2018-08-28,139996,136765,139996,136766,2042871169,1397-06-06
2018-08-29,137687,136757,136757,137472,2919821023,1397-06-07
2018-09-01,137792,136109,137666,136110,2899219472,1397-06-10
2018-09-02,136239,133674,136239,133676,2305245012,1397-06-11
2018-09-03,135257,134002,134002,135258,1739402491,1397-06-12
2018-09-04,138292,136882,136882,137984,1712640614,1397-06-13
2018-09-05,138445,137629,138445,137714,1388834478,1397-06-14
2018-09-08,139786,137960,137960,139629,2018154160,1397-06-17
2018-09-09,142234,139930,139930,142234,3078066124,1397-06-18
2018-09-10,147093,142507,142507,146999,3319008786,1397-06-19
2018-09-11,148577,147269,148082,148578,3265593285,1397-06-20
2018-09-12,155061,149179,149179,155061,3062279443,1397-06-21
2018-09-15,159445,155637,155637,158119,4212801921,1397-06-24
2018-09-16,158215,154200,158215,155710,4620919096,1397-06-25
2018-09-17,158971,156203,156203,158072,3598794388,1397-06-26
2018-09-18,158397,157032,158315,157329,3140461098,1397-06-27
2018-09-22,160643,157889,157889,160538,3217618496,1397-06-31
2018-09-23,165072,160880,160880,165072,4362407601,1397-07-01
2018-09-24,168624,165397,165397,168624,3708072555,1397-07-02
2018-09-25,174618,169728,169728,174618,4485926389,1397-07-03
2018-09-26,180635,174958,174958,180636,4229458345,1397-07-04
2018-09-29,187406,181413,181413,187406,3298500703,1397-07-07
2018-09-30,195104,187434,187434,195104,4576061407,1397-07-08
2018-10-01,197000,194476,195633,195480,5607277493,1397-07-09
2018-10-02,195241,188259,195241,188259,4963670906,1397-07-10
2018-10-03,185559,184042,184042,185559,5262560453,1397-07-11
2018-10-06,189893,184084,185538,184085,5844673882,1397-07-14
2018-10-07,183664,176419,183664,176419,4036567981,1397-07-15
2018-10-08,176194,173879,176194,175186,2763570984,1397-07-16
2018-10-09,181226,175215,175215,180848,4246349996,1397-07-17
2018-10-10,181621,180895,181621,181016,2525287572,1397-07-18
2018-10-13,181008,175032,181008,175033,1486624258,1397-07-21
2018-10-14,174924,174118,174220,174924,1282527182,1397-07-22
2018-10-15,180601,176664,176664,180602,2472579250,1397-07-23
2018-10-16,183813,182179,182179,182834,3511430120,1397-07-24
2018-10-17,182929,180322,181526,182929,3385522585,1397-07-25
2018-10-20,188582,185312,185312,188576,2230558927,1397-07-28
2018-10-21,190040,188928,190040,189438,2724626166,1397-07-29
2018-10-22,190025,187553,189866,187779,2747913525,1397-07-30
2018-10-23,187844,185279,187844,185319,2402258402,1397-08-01
2018-10-24,185141,180975,185141,181060,1751393800,1397-08-02
2018-10-27,180707,178841,180707,178841,1767868112,1397-08-05
2018-10-28,180626,179246,179246,180627,1785605503,1397-08-06
2018-10-29,183678,181862,181862,183220,1764388241,1397-08-07
2018-10-31,183669,183305,183305,183367,2021370520,1397-08-09
2018-11-03,183585,183346,183452,183449,1753016872,1397-08-12
2018-11-04,184428,182918,184138,182919,1955103983,1397-08-13
2018-11-05,184335,183278,183278,184160,1818592793,1397-08-14
2018-11-06,185455,184380,184380,185100,1729589150,1397-08-15
2018-11-10,185297,184230,185297,184231,3479267610,1397-08-19
2018-11-11,184265,180636,184265,180668,1974461198,1397-08-20
2018-11-12,182231,180756,180756,182212,2046395130,1397-08-21
2018-11-13,183906,182497,182497,183212,2659764583,1397-08-22
2018-11-14,183028,181994,183028,181994,1843243421,1397-08-23
2018-11-17,182009,178819,181970,178819,1641309315,1397-08-26
2018-11-18,178648,173326,178648,173558,1997949947,1397-08-27
2018-11-19,176040,173537,173537,175816,1621836242,1397-08-28
2018-11-20,176645,175844,175844,176459,1580299902,1397-08-29
2018-11-21,176806,175713,176744,175713,1658494412,1397-08-30
2018-11-24,175611,171252,175611,171253,1553811481,1397-09-03
2018-11-26,170336,166463,170336,166464,1369500970,1397-09-05
2018-11-27,167864,166472,166472,167200,954189481,1397-09-06
2018-11-28,167144,163772,167144,163772,1520971046,1397-09-07
2018-12-01,163502,159202,163502,159854,1745842517,1397-09-10
2018-12-02,163138,160022,160022,163138,1197337088,1397-09-11
2018-12-03,166557,164030,164030,166304,1333939789,1397-09-12
2018-12-04,166851,165567,166521,165702,1199060988,1397-09-13
2018-12-05,167132,165775,165775,166860,1322335715,1397-09-14
2018-12-08,167539,167083,167332,167083,1175017878,1397-09-17
2018-12-09,167544,166891,167408,166891,2322558212,1397-09-18
2018-12-10,167329,166915,166924,166916,1523952044,1397-09-19
2018-12-11,167083,166235,166951,166235,1282044229,1397-09-20
2018-12-12,166198,165352,166198,165352,1141354213,1397-09-21
2018-12-15,165690,164485,165387,164486,1110828790,1397-09-24
2018-12-16,164474,161707,164474,161708,1349236587,1397-09-25
2018-12-17,162063,159749,161774,159750,1424620268,1397-09-26
2018-12-18,159924,159146,159872,159146,850844041,1397-09-27
2018-12-19,159119,156083,159119,156083,1006125633,1397-09-28
2018-12-22,156374,154550,156208,154550,879895355,1397-10-01
2018-12-23,156764,154596,154596,156694,1467529666,1397-10-02
2018-12-24,157693,156818,156818,157484,1792759938,1397-10-03
2018-12-25,157457,156950,157457,156950,1693085557,1397-10-04
2018-12-26,158443,157209,157209,158444,2641484596,1397-10-05
2018-12-29,160774,158662,158662,160774,1460677183,1397-10-08
2018-12-30,161508,160858,160858,161310,1734077674,1397-10-09
2018-12-31,161474,161343,161379,161405,1671848037,1397-10-10
2019-01-01,161912,161448,161467,161841,3505005745,1397-10-11
2019-01-02,162087,160898,162064,160899,3912771664,1397-10-12
2019-01-05,161340,161000,161000,161107,1749091416,1397-10-15
2019-01-06,161482,161143,161143,161276,2394804317,1397-10-16
2019-01-07,162456,161377,161377,162324,1919850863,1397-10-17
2019-01-08,164174,162482,162482,163967,2321386025,1397-10-18
2019-01-09,166072,164085,164085,164829,1490675425,1397-10-19
2019-01-12,165270,164904,164924,164930,1572208079,1397-10-22
2019-01-13,165019,164493,165019,164494,2060436528,1397-10-23
2019-01-14,164917,164566,164566,164696,1872674401,1397-10-24
2019-01-15,165683,164780,164780,165446,2142012638,1397-10-25
2019-01-16,165995,165561,165699,165595,2154796884,1397-10-26
2019-01-19,166446,165664,165664,166131,1655032659,1397-10-29
2019-01-20,167028,165574,166763,165575,1942373443,1397-10-30
2019-01-21,165206,161922,165206,161922,1769989234,1397-11-01
2019-01-22,162805,161965,161965,162806,1707359506,1397-11-02
2019-01-23,163335,162940,162948,162941,1359859729,1397-11-03
2019-01-26,163169,162477,163048,162478,1550350779,1397-11-06
2019-01-27,162832,160797,162832,160798,3159029034,1397-11-07
2019-01-28,160943,159818,160835,159818,1841677941,1397-11-08
2019-01-29,160362,159878,159878,160153,1350631119,1397-11-09
2019-01-30,160491,160245,160245,160295,1638994288,1397-11-10
2019-02-02,160525,159853,160401,159855,1563969651,1397-11-13
2019-02-03,159808,157352,159808,157355,1497958760,1397-11-14
2019-02-04,158485,157594,157594,158044,1531243575,1397-11-15
2019-02-05,158456,158240,158240,158395,1499897438,1397-11-16
2019-02-06,158832,158535,158693,158536,1452427231,1397-11-17
2019-02-10,158776,158467,158624,158468,834192391,1397-11-21
2019-02-12,158550,157972,158501,157973,1142647137,1397-11-23
2019-02-13,157963,157311,157963,157311,1357532400,1397-11-24
2019-02-16,157839,157113,157592,157114,1073988285,1397-11-27
2019-02-17,157218,156155,157215,156155,954711330,1397-11-28
2019-02-18,156832,156304,156304,156705,1013755024,1397-11-29
2019-02-19,157513,156827,156827,157387,1077789813,1397-11-30
2019-02-20,159489,157727,157727,159490,1336218522,1397-12-01
2019-02-23,164289,160548,160548,164268,2034262271,1397-12-04
2019-02-24,166030,164789,164789,166030,1571595159,1397-12-05
2019-02-25,166944,166211,166211,166794,1613669242,1397-12-06
2019-02-26,165950,164711,165950,164712,1362003278,1397-12-07
2019-02-27,165359,164880,164880,165295,1151271175,1397-12-08
2019-03-02,165552,164370,165552,164370,1213975483,1397-12-11
2019-03-03,164571,164440,164480,164443,1381857244,1397-12-12
2019-03-04,164778,164238,164572,164239,1376797977,1397-12-13
2019-03-05,164433,162593,164433,162594,1246768778,1397-12-14
2019-03-06,162956,162726,162726,162827,1241038795,1397-12-15
2019-03-09,163086,162982,162982,163007,1355148813,1397-12-18
2019-03-10,164470,162989,163013,164471,1562530698,1397-12-19
2019-03-11,167443,165036,165036,167371,1938719056,1397-12-20
2019-03-12,168095,167503,167518,167910,1531184241,1397-12-21
2019-03-13,169663,168140,168140,169116,1741999428,1397-12-22
2019-03-16,171708,169274,169274,171125,1352995731,1397-12-25
2019-03-17,172539,171391,171391,172523,1572445138,1397-12-26
2019-03-18,175898,172613,172613,175899,1833549132,1397-12-27
2019-03-19,178673,176272,176272,178659,1532264379,1397-12-28
2019-03-25,179194,178743,178788,179194,1030038293,1398-01-05
2019-03-26,179847,179444,179622,179766,1509089603,1398-01-06
2019-03-27,181542,180037,180037,181542,1807050103,1398-01-07
2019-03-30,185358,181906,181906,185358,1856911671,1398-01-10
2019-03-31,186783,185281,186000,185281,1926218389,1398-01-11
2019-04-06,186535,185529,185534,186535,2046383507,1398-01-17
2019-04-07,188645,187055,187055,188074,3452629998,1398-01-18
2019-04-08,188592,186667,187590,188593,3051221669,1398-01-19
2019-04-09,190585,188937,188937,190425,2921483833,1398-01-20
2019-04-10,193981,190824,190824,193978,3441303765,1398-01-21
2019-04-13,195739,194884,194884,195203,3238331908,1398-01-24
2019-04-14,196085,194037,195263,196084,2704247864,1398-01-25
2019-04-15,201827,196861,196861,201806,7173954414,1398-01-26
2019-04-16,202679,201789,202142,201891,8424035082,1398-01-27
2019-04-17,201091,198631,201091,199911,4926994143,1398-01-28
2019-04-20,204375,200734,200734,204376,3797643849,1398-01-31
2019-04-22,206835,204321,206253,204322,6428462448,1398-02-02
2019-04-23,203732,202656,203732,202857,3580751950,1398-02-03
2019-04-24,203904,203071,203071,203777,5018152839,1398-02-04
2019-04-27,205287,204195,204195,205288,4338695100,1398-02-07
2019-04-28,209264,206169,206169,209244,4252405668,1398-02-08
2019-04-29,214867,210440,210440,214868,5278553450,1398-02-09
2019-04-30,219086,216637,216899,216642,5102578283,1398-02-10
2019-05-01,220108,217222,217222,220109,4662577787,1398-02-11
2019-05-04,224589,221546,221546,224590,6229765614,1398-02-14
2019-05-05,226952,224057,226475,224057,7688014493,1398-02-15
2019-05-06,223368,215818,223368,215821,5355887245,1398-02-16
2019-05-07,213710,207966,213710,208197,4330043133,1398-02-17
2019-05-08,211344,207779,207779,211344,4778480220,1398-02-18
2019-05-11,212479,209154,211301,209155,4103542786,1398-02-21
2019-05-12,208660,203489,208660,204069,3256324198,1398-02-22
2019-05-13,207752,204751,204751,207752,3387534470,1398-02-23
2019-05-14,211995,208474,208474,211746,4358239982,1398-02-24
2019-05-15,212270,210898,212246,211018,3466126173,1398-02-25
2019-05-18,213169,211922,211922,212748,3615189464,1398-02-28
2019-05-19,213110,212751,212888,212852,3226669584,1398-02-29
2019-05-20,213149,211708,213127,211872,3507448564,1398-02-30
2019-05-21,215211,212367,212367,215092,2845868757,1398-02-31
2019-05-22,215756,215115,215504,215168,2793031254,1398-03-01
2019-05-25,215141,213802,215141,214314,2267707097,1398-03-04
2019-05-26,217577,214651,214651,217574,3036108189,1398-03-05
2019-05-28,223254,219484,219484,223254,4368209234,1398-03-07
2019-05-29,225232,224476,224527,224477,4078289947,1398-03-08
2019-06-01,223723,221336,223723,222387,5011000722,1398-03-11
2019-06-02,224731,222588,222588,224544,4498689158,1398-03-12
2019-06-03,227308,225231,225231,226983,4727848698,1398-03-13
2019-06-08,226888,226205,226586,226888,3432226293,1398-03-18
2019-06-09,232416,227333,227333,229809,3619824856,1398-03-19
2019-06-10,232619,230267,230606,230268,4635228194,1398-03-20
2019-06-11,230679,229771,230592,230618,4519213439,1398-03-21
2019-06-12,233791,232196,232196,233353,5701567687,1398-03-22
2019-06-15,234167,232107,232974,234168,4665741176,1398-03-25
2019-06-16,239154,235215,235215,238220,4936703473,1398-03-26
2019-06-17,238420,237557,238068,238161,2815169563,1398-03-27
2019-06-18,239122,237146,238422,237148,3590176675,1398-03-28
2019-06-19,237502,234879,237432,234879,3235132621,1398-03-29
2019-06-22,234307,233477,234307,233886,2567500939,1398-04-01
2019-06-23,237459,234409,234409,237460,2500874361,1398-04-02
2019-06-24,242567,238274,238274,242568,3176557638,1398-04-03
2019-06-25,245111,242339,243031,245099,3248464594,1398-04-04
2019-06-26,248640,246532,246532,248578,3625806770,1398-04-05
2019-06-30,250184,248532,249393,248533,3095164286,1398-04-09
2019-07-01,248349,246730,248349,247122,2719002402,1398-04-10
2019-07-02,248276,247302,247302,248276,2542553811,1398-04-11
2019-07-03,249550,248920,248920,248944,2942090653,1398-04-12
2019-07-06,249117,245445,249117,245446,2731712012,1398-04-15
2019-07-07,246565,245729,245729,246447,2281210313,1398-04-16
2019-07-08,249399,247006,247006,249253,3259935899,1398-04-17
2019-07-09,249530,248507,249530,248716,2973026340,1398-04-18
2019-07-10,249622,248902,248902,249622,2893600941,1398-04-19
2019-07-13,250605,250056,250056,250605,3208386161,1398-04-22
2019-07-14,253640,251166,251166,253578,2849760942,1398-04-23
2019-07-15,254841,253303,254189,253304,2589791454,1398-04-24
2019-07-16,253130,246267,253130,246268,2536529426,1398-04-25
2019-07-17,246992,245363,245583,246790,2797329163,1398-04-26
2019-07-20,247380,246437,247000,246437,2511471517,1398-04-29
2019-07-21,249809,246938,246938,249662,1451582803,1398-04-30
2019-07-22,253590,251818,251818,253057,1719299421,1398-04-31
2019-07-23,253353,251131,253353,251278,1453655321,1398-05-01
2019-07-24,253052,251387,251387,252865,1329237733,1398-05-02
2019-07-27,253164,252049,253140,252276,1701609413,1398-05-05
2019-07-28,252751,252280,252534,252325,1948070745,1398-05-06
2019-07-29,252987,252394,252544,252488,1746654803,1398-05-07
2019-07-30,252898,252576,252576,252898,1596359726,1398-05-08
2019-07-31,254445,253110,253110,254446,2040622801,1398-05-09
2019-08-03,254756,254300,254618,254454,1782590902,1398-05-12
2019-08-04,255530,254961,254961,255530,2224681317,1398-05-13
2019-08-05,256783,256351,256351,256698,2317569536,1398-05-14
2019-08-06,257742,255512,257709,255512,2782111986,1398-05-15
2019-08-07,255910,255099,255759,255163,2816068348,1398-05-16
2019-08-10,255838,255299,255457,255306,2428958314,1398-05-19
2019-08-11,255919,255696,255696,255876,2641579056,1398-05-20
2019-08-13,257097,256151,256151,257097,3150501219,1398-05-22
2019-08-14,261606,258278,258278,261392,2946026765,1398-05-23
2019-08-17,262198,261405,262112,261406,3304382416,1398-05-26
2019-08-18,262047,260991,262047,260992,2964501583,1398-05-27
2019-08-19,262941,261673,261673,262941,0,1398-05-28
2019-08-21,266127,263901,263901,266127,2953745667,1398-05-30
2019-08-24,269998,266969,266969,269986,4951419750,1398-06-02
2019-08-25,271172,268220,270899,269225,4952523617,1398-06-03
2019-08-26,274871,269951,269951,274872,4067447131,1398-06-04
2019-08-27,279508,276682,276682,278470,4000970515,1398-06-05
2019-08-28,278674,274551,277418,278675,3460001529,1398-06-06
2019-08-31,285265,280867,280867,284139,4290122970,1398-06-09
2019-09-01,286114,284218,284441,286115,3733654302,1398-06-10
2019-09-02,287147,283001,286937,283063,3840960587,1398-06-11
2019-09-03,285573,283066,283081,285574,2864780732,1398-06-12
2019-09-04,290178,286841,286841,290178,2874116665,1398-06-13
2019-09-07,294601,291612,291612,294602,3278844902,1398-06-16
2019-09-08,297232,296089,296089,296732,3566486097,1398-06-17
2019-09-11,299930,297863,297863,299931,3969986165,1398-06-20
2019-09-14,304738,301523,301523,304460,7222773869,1398-06-23
2019-09-15,304779,301828,304779,302396,6420615220,1398-06-24
2019-09-16,307415,304545,304545,305917,6982965397,1398-06-25
2019-09-17,305698,302081,305698,302082,9767727621,1398-06-26
2019-09-18,301559,293770,301559,294167,5017428570,1398-06-27
2019-09-21,297874,294542,294542,297713,3682677999,1398-06-30
2019-09-22,302103,299001,299001,302104,4039209785,1398-06-31
2019-09-23,311483,304176,304176,311471,5038083367,1398-07-01
2019-09-24,314835,312206,313842,312206,4572798525,1398-07-02
2019-09-25,314409,312092,312564,314409,4315797077,1398-07-03
2019-09-28,320261,316772,316772,320024,4246497564,1398-07-06
2019-09-29,321958,317645,321958,318251,7312241463,1398-07-07
2019-09-30,324744,320747,320747,324706,5828936428,1398-07-08
2019-10-01,328732,326104,327723,326104,8393698935,1398-07-09
2019-10-02,326341,321606,325048,326117,6600254126,1398-07-10
2019-10-05,330447,327305,328263,327306,5857080744,1398-07-13
2019-10-06,326250,319562,326250,320208,5066953436,1398-07-14
2019-10-07,324075,320762,320762,320910,4789442488,1398-07-15
2019-10-08,320678,314468,320678,314470,4400152556,1398-07-16
2019-10-09,313049,309961,312074,313049,3526371651,1398-07-17
2019-10-12,322059,315433,315433,322060,3676726384,1398-07-20
2019-10-13,329667,326190,326741,326191,3135667805,1398-07-21
2019-10-14,325280,318215,325280,319872,2637298347,1398-07-22
2019-10-15,320335,308957,320040,308979,3163335853,1398-07-23
2019-10-16,310194,308307,308307,309640,3226396215,1398-07-24
2019-10-20,310145,301390,309935,301391,2597638307,1398-07-28
2019-10-21,302177,299880,301414,302173,2892547416,1398-07-29
2019-10-22,309420,303956,303956,308315,3014865336,1398-07-30
2019-10-23,309188,305806,309188,305808,2273188847,1398-08-01
2019-10-26,305911,303449,305911,303450,1890017279,1398-08-04
2019-10-28,305971,303780,303780,305970,2225019797,1398-08-06
2019-10-30,309671,306874,306874,309661,2114446259,1398-08-08
2019-11-02,311466,308730,310910,308730,2834005627,1398-08-11
2019-11-03,309522,308188,308713,308961,3396872347,1398-08-12
2019-11-04,308948,304676,308948,304676,2742962161,1398-08-13
2019-11-05,305342,304091,304530,305333,2272763129,1398-08-14
2019-11-09,307029,305858,306093,305859,2398656556,1398-08-18
2019-11-10,305911,302794,305911,302795,2108033987,1398-08-19
2019-11-11,303944,302892,302892,303944,2051985083,1398-08-20
2019-11-12,306978,304730,304730,306656,2254376203,1398-08-21
2019-11-13,307291,307083,307087,307094,2074731677,1398-08-22
2019-11-16,308852,306885,308852,306886,2455973624,1398-08-25
2019-11-17,304278,302340,304278,302341,2930387364,1398-08-26
2019-11-18,302828,301763,301763,302726,1880610237,1398-08-27
2019-11-19,304891,303137,303137,304688,1763754301,1398-08-28
2019-11-20,305450,304996,305079,304997,1751653122,1398-08-29
2019-11-23,306145,305622,305802,305622,2033971762,1398-09-02
2019-11-24,306045,305452,306045,305774,2604362123,1398-09-03
2019-11-25,308477,306843,306843,308477,2833466415,1398-09-04
2019-11-26,309865,309349,309349,309644,2937332039,1398-09-05
2019-11-27,311312,310186,310186,311230,2364355779,1398-09-06
2019-11-30,314587,312325,312325,314588,3034202052,1398-09-09
2019-12-01,318670,315757,315757,318670,3342935224,1398-09-10
2019-12-02,322896,320194,320921,320195,3822871347,1398-09-11
2019-12-03,320840,319104,320249,320814,2682191565,1398-09-12
2019-12-04,322562,321561,321561,322528,2853655120,1398-09-13
2019-12-07,328471,325322,325322,327625,3542517113,1398-09-16
2019-12-08,332582,328787,328787,332567,4340603418,1398-09-17
2019-12-09,336002,334541,334541,335792,3971171009,1398-09-18
2019-12-10,340733,337580,337580,339434,5345292545,1398-09-19
2019-12-11,339386,337025,338832,339387,3168147147,1398-09-20
2019-12-14,343291,340862,340862,343292,3436459742,1398-09-23
2019-12-15,346738,344115,345115,344115,4092077064,1398-09-24
2019-12-16,344585,343711,344441,344487,3333620045,1398-09-25
2019-12-17,346974,345685,345685,346871,4201574418,1398-09-26
2019-12-18,350323,347815,347815,350323,4343169169,1398-09-27
2019-12-21,354259,352224,352224,353997,4258361545,1398-09-30
2019-12-22,356721,354693,354693,356721,4015825094,1398-10-01
2019-12-23,363242,359004,359004,359366,6181153099,1398-10-02
2019-12-24,362651,359138,359615,362259,3518479767,1398-10-03
2019-12-25,362815,360376,362815,361088,4088722660,1398-10-04
2019-12-28,367632,363207,363207,367632,5016056671,1398-10-07
2019-12-29,369779,367904,369759,369730,4661762303,1398-10-08
2019-12-30,375548,371713,371713,375548,4806358955,1398-10-09
2019-12-31,379674,376371,378415,377013,5661394584,1398-10-10
2020-01-01,384934,378690,378690,384100,4583561703,1398-10-11
2020-01-04,371447,367333,371447,367334,6456788451,1398-10-14
2020-01-05,365836,362467,362467,365816,5462812087,1398-10-15
2020-01-07,368504,358842,365917,358843,4520104432,1398-10-17
2020-01-08,355759,353672,355715,353808,4822001451,1398-10-18
2020-01-11,359807,355946,355946,359807,1389866572,1398-10-21
2020-01-12,375650,370863,370863,375650,4762159189,1398-10-22
2020-01-13,392057,383453,383453,392038,6403505219,1398-10-23
2020-01-14,398920,395679,398478,395913,5757833968,1398-10-24
2020-01-15,399445,393990,396485,399445,5174188512,1398-10-25
2020-01-18,410668,403849,403849,409962,8654791531,1398-10-28
2020-01-19,410977,407054,410977,410694,5886164884,1398-10-29
2020-01-20,411460,409044,411460,409808,5707599516,1398-10-30
2020-01-21,409238,406008,409238,406009,6263198567,1398-11-01
2020-01-22,411211,405366,406104,411212,4812015420,1398-11-02
2020-01-25,417100,415342,415342,417002,4958588633,1398-11-05
2020-01-26,422713,418310,422214,418312,7657752149,1398-11-06
2020-01-27,420668,415189,418250,420668,6207747412,1398-11-07
2020-01-28,427497,423383,423383,427139,4916935510,1398-11-08
2020-02-01,430737,426184,430504,426185,8366909581,1398-11-12
2020-02-02,428216,422587,425730,428217,7171420973,1398-11-13
2020-02-03,438893,432109,432109,438882,6850529766,1398-11-14
2020-02-04,444403,440184,444098,440199,9879532688,1398-11-15
2020-02-05,445894,441468,441653,445894,7450279801,1398-11-16
2020-02-08,456488,452842,454993,452842,9281238701,1398-11-19
2020-02-09,455488,454398,454681,454618,5154931316,1398-11-20
2020-02-10,456680,445498,456680,447152,5798240375,1398-11-21
2020-02-12,459565,449813,449813,459080,6415462678,1398-11-23
2020-02-15,465978,460615,465271,461988,5778495056,1398-11-26
2020-02-16,472750,465788,465788,472750,6232946459,1398-11-27
2020-02-17,480712,476812,479517,476813,5971039436,1398-11-28
2020-02-18,477209,468834,477209,472120,4801458802,1398-11-29
2020-02-19,479180,474805,474805,478756,4559804036,1398-11-30
2020-02-22,481869,467120,467332,481870,6047188998,1398-12-03
2020-02-23,499031,489531,489531,498904,4684474866,1398-12-04
2020-02-24,507269,501914,506717,503736,5058069259,1398-12-05
2020-02-25,518514,509472,509942,518513,7264717915,1398-12-06
2020-02-26,530073,524393,529426,524394,6995787234,1398-12-07
2020-02-29,509022,504035,509022,505801,5748428303,1398-12-10
2020-03-01,515583,505920,505920,515583,4947216673,1398-12-11
2020-03-02,529328,518203,518203,529329,6074839464,1398-12-12
2020-03-03,544239,532962,532962,544237,4907915994,1398-12-13
2020-03-04,555293,547292,547292,555168,5801093946,1398-12-14
2020-03-07,555081,549186,555081,549186,4708792174,1398-12-17
2020-03-09,545656,534376,545656,534380,3305585904,1398-12-19
2020-03-10,529129,519847,529129,519847,4705668567,1398-12-20
2020-03-11,522301,518747,518747,520211,4741370303,1398-12-21
2020-03-14,520048,502688,520048,502739,4006156865,1398-12-24
2020-03-15,498654,493276,498654,494406,4765050083,1398-12-25
2020-03-16,506083,495605,495605,506079,4543347371,1398-12-26
2020-03-17,506880,501053,506880,502426,3263499294,1398-12-27
2020-03-18,512909,503411,503411,512900,4058241862,1398-12-28
2020-03-24,513347,508533,513247,508666,3969688062,1399-01-05
2020-03-25,521268,509932,509932,521267,4361242238,1399-01-06
2020-03-28,532526,524609,524609,532525,4894108993,1399-01-09
2020-03-29,545908,537130,537130,545650,8243080452,1399-01-10
2020-03-30,547661,543655,547006,547658,7153587072,1399-01-11
2020-04-04,567665,551839,551839,567532,6424652406,1399-01-16
2020-04-05,574020,571165,571165,573903,6968481494,1399-01-17
2020-04-06,575338,568336,575338,569674,6908099439,1399-01-18
2020-04-07,583599,571035,571035,583344,6091464283,1399-01-19
2020-04-08,597351,586287,586287,597070,6423905377,1399-01-20
2020-04-11,608289,600705,600714,607855,6379192341,1399-01-23
2020-04-12,623328,610281,610281,623260,6651783602,1399-01-24
2020-04-13,643951,624527,626759,624528,5873740205,1399-01-25
2020-04-14,626515,617224,622910,626389,5403828413,1399-01-26
2020-04-15,645781,629198,629198,645722,5419376813,1399-01-27
2020-04-18,668981,653689,653689,668906,4088669905,1399-01-30
2020-04-19,691183,677297,677297,690037,10605349045,1399-01-31
2020-04-20,709012,691277,691277,708995,6775869348,1399-02-01
2020-04-21,726964,716060,716060,726137,6766131536,1399-02-02
2020-04-22,741952,729307,729307,741902,5832074074,1399-02-03
2020-04-25,770549,750464,750464,769373,3268853466,1399-02-06
2020-04-26,798105,780468,780468,797813,8728022060,1399-02-07
2020-04-27,820534,806172,806172,820505,7008109176,1399-02-08
2020-04-28,846008,830580,830580,845952,6391503110,1399-02-09
2020-04-29,878434,853992,853992,878094,4435490859,1399-02-10
2020-05-02,917501,892690,892690,917406,3561666228,1399-02-13
2020-05-03,964308,932736,932736,956200,5252148608,1399-02-14
2020-05-04,979106,956324,956324,979105,9435375771,1399-02-15
2020-05-05,995966,978019,992991,980571,18441732371,1399-02-16
2020-05-06,980515,965587,980515,977924,12207169240,1399-02-17
2020-05-09,1020910,990339,990339,1020218,6121409736,1399-02-20
2020-05-10,1044560,1033830,1033830,1043253,5912743990,1399-02-21
2020-05-11,1048820,1043070,1048820,1047763,7000008924,1399-02-22
2020-05-12,1045500,1020310,1045500,1021445,22026888743,1399-02-23
2020-05-13,1026060,1008010,1009360,1017662,16262242442,1399-02-24
2020-05-16,1016653,982410,1016653,987475,5506646850,1399-02-27
2020-05-17,979444,964004,979444,968460,10369705009,1399-02-28
2020-05-18,995184,978644,978644,995181,11443245251,1399-02-29
2020-05-19,1008560,1000870,1004700,1002125,8732531148,1399-02-30
2020-05-20,996750,985119,996630,986759,9267146855,1399-02-31
2020-05-23,986677,959306,986677,959840,11365797623,1399-03-03
2020-05-26,946195,926121,946195,926133,7377826258,1399-03-06
2020-05-27,938557,913435,913866,938550,11156199580,1399-03-07
2020-05-30,973495,939162,939162,973495,7108519719,1399-03-10
2020-05-31,987440,970270,983773,970413,12219515758,1399-03-11
2020-06-01,988120,971214,971583,988121,8803129433,1399-03-12
2020-06-02,1028530,996019,996019,1028538,10498413248,1399-03-13
2020-06-06,1068860,1046170,1046170,1068844,8921162776,1399-03-17
2020-06-07,1116280,1090970,1090970,1116187,6664794532,1399-03-18
2020-06-08,1127890,1114200,1121810,1118912,10434326227,1399-03-19
2020-06-09,1129080,1117340,1117340,1118118,9106492978,1399-03-20
2020-06-10,1153670,1127560,1127560,1153680,10191255302,1399-03-21
2020-06-13,1190500,1174020,1174020,1189807,7411217143,1399-03-24
2020-06-14,1201870,1178410,1201870,1185377,12626895539,1399-03-25
2020-06-15,1205650,1191070,1191070,1200121,7828202921,1399-03-26
2020-06-16,1229700,1204110,1204110,1229702,6261831081,1399-03-27
2020-06-20,1270600,1244900,1244900,1270603,5981561776,1399-03-31
2020-06-21,1300830,1292660,1292660,1300828,11160501191,1399-04-01
2020-06-22,1341530,1315830,1315830,1341532,8995572496,1399-04-02
2020-06-23,1391810,1364210,1364210,1391041,6410103386,1399-04-03
2020-06-24,1419430,1393580,1393580,1419439,5866572950,1399-04-04
2020-06-27,1466280,1436090,1436090,1466276,5386512550,1399-04-07
2020-06-28,1499890,1487660,1492710,1491952,15702101123,1399-04-08
2020-06-29,1481920,1460440,1476890,1481924,11969542093,1399-04-09
2020-06-30,1546850,1502960,1502960,1546850,5424660373,1399-04-10
2020-07-01,1612880,1577660,1577660,1612882,8424169276,1399-04-11
2020-07-04,1645260,1618820,1635660,1621368,13518558466,1399-04-14
2020-07-05,1655400,1620210,1624700,1655407,9076880721,1399-04-15
2020-07-06,1740870,1676370,1676370,1718350,5961887328,1399-04-16
2020-07-07,1748000,1734850,1734850,1747078,8769615327,1399-04-17
2020-07-08,1767010,1752520,1757560,1753678,14166076996,1399-04-18
2020-07-11,1741290,1719030,1726650,1741296,9087138878,1399-04-21
2020-07-12,1814830,1763460,1763460,1812832,10232084300,1399-04-22
2020-07-13,1822110,1799810,1812680,1822117,11451636537,1399-04-23
2020-07-14,1846160,1835130,1842380,1844860,8360271153,1399-04-24
2020-07-15,1845120,1838570,1840420,1841696,13503057383,1399-04-25
2020-07-18,1822650,1809030,1822650,1809147,7171367853,1399-04-28
2020-07-19,1864940,1797980,1797980,1864946,12659176002,1399-04-29
2020-07-20,1924880,1893780,1893780,1924798,7913995501,1399-04-30
2020-07-21,1920180,1901240,1920180,1916202,7836520240,1399-04-31
2020-07-22,1909690,1888590,1909690,1901169,6285974263,1399-05-01
2020-07-25,1953150,1932780,1932780,1952921,8981609217,1399-05-04
2020-07-26,1964180,1935960,1957560,1946134,8083273619,1399-05-05
2020-07-27,1933940,1900330,1924540,1933944,13331170649,1399-05-06
2020-07-28,1973490,1941150,1946460,1941157,13084373726,1399-05-07
2020-07-29,1924080,1899580,1924080,1904316,9197300428,1399-05-08
2020-08-01,1961640,1912600,1912600,1961649,9998721899,1399-05-11
2020-08-02,2013730,1961620,1961620,2011493,12610040235,1399-05-12
2020-08-03,2015420,1987590,2011870,1993328,7979094697,1399-05-13
2020-08-04,1995030,1986390,1986390,1995037,11558926385,1399-05-14
2020-08-05,2034210,2011980,2011980,2034187,8408247779,1399-05-15
2020-08-09,2083190,2068820,2068820,2078512,8358613968,1399-05-19
2020-08-10,2103310,2064650,2100700,2065112,11027604126,1399-05-20
2020-08-11,2039800,1999370,2039800,1999854,6183853347,1399-05-21
2020-08-12,2039460,1975290,2018690,1975545,8851849877,1399-05-22
2020-08-15,1944790,1902980,1944790,1903259,5560625292,1399-05-25
2020-08-16,1880840,1813550,1880840,1813574,4652454776,1399-05-26
2020-08-17,1815690,1794310,1799780,1815696,13066013650,1399-05-27
2020-08-18,1856530,1825350,1838800,1825354,11055218501,1399-05-28
2020-08-19,1812310,1756870,1812310,1757258,3923830325,1399-05-29
2020-08-22,1779560,1727220,1773450,1727265,8792057004,1399-06-01
2020-08-23,1710590,1662200,1710590,1662205,5504613157,1399-06-02
2020-08-24,1650690,1607250,1650690,1608544,9709942568,1399-06-03
2020-08-25,1650470,1621980,1621980,1650026,8353636864,1399-06-04
2020-08-26,1718760,1676640,1676640,1718763,3534573792,1399-06-05
2020-08-31,1762480,1727940,1753400,1727953,14841558644,1399-06-10
2020-09-01,1714960,1684730,1714960,1684741,4779935604,1399-06-11
2020-09-02,1660890,1631880,1660890,1631884,3849817286,1399-06-12
2020-09-05,1645280,1639170,1642190,1642038,9324762063,1399-06-15
2020-09-06,1669270,1647850,1660680,1647855,9062889130,1399-06-16
2020-09-07,1631690,1607210,1631690,1607212,3802198262,1399-06-17
2020-09-08,1587000,1570040,1587000,1570049,854599940,1399-06-18
2020-09-09,1556320,1546140,1552590,1556315,7076966915,1399-06-19
2020-09-12,1590460,1571480,1571480,1583747,4769372602,1399-06-22
2020-09-13,1593270,1574730,1584160,1578186,8297021386,1399-06-23
2020-09-14,1607490,1584450,1584450,1607491,7006506716,1399-06-24
2020-09-15,1667250,1633040,1633040,1664559,7401427233,1399-06-25
2020-09-16,1712040,1694530,1694530,1704099,14309953540,1399-06-26
2020-09-19,1712990,1686000,1699170,1699506,10078131174,1399-06-29
2020-09-20,1690720,1652240,1689630,1652249,5180391292,1399-06-30
2020-09-21,1619660,1595140,1619660,1595148,2682979522,1399-06-31
2020-09-22,1594180,1566520,1592670,1581206,9717365984,1399-07-01
2020-09-23,1621850,1596230,1596230,1611452,10684307910,1399-07-02
2020-09-26,1634890,1615650,1625530,1615678,6249270204,1399-07-05
2020-09-27,1599240,1572140,1599240,1572158,2905804409,1399-07-06
2020-09-28,1551440,1515930,1551440,1515933,1412448360,1399-07-07
2020-09-29,1497840,1483580,1497840,1492902,8873748832,1399-07-08
2020-09-30,1503410,1488990,1500810,1503413,8102307751,1399-07-09
2020-10-03,1546150,1513270,1513270,1546147,6394935945,1399-07-12
2020-10-04,1548960,1522930,1548960,1522938,13210031649,1399-07-13
2020-10-05,1504150,1489780,1504150,1490154,8485480921,1399-07-14
2020-10-06,1514710,1496050,1496050,1514699,5573399468,1399-07-15
2020-10-07,1541920,1526810,1526810,1540707,7400760074,1399-07-16
2020-10-10,1542110,1534050,1541130,1541843,6259120105,1399-07-19
2020-10-11,1600200,1554820,1554820,1597045,11768804405,1399-07-20
2020-10-12,1595960,1579320,1590290,1579566,15160828269,1399-07-21
2020-10-13,1588790,1570970,1583010,1579633,10722141530,1399-07-22
2020-10-14,1580970,1560560,1580970,1561451,5884201996,1399-07-23
2020-10-18,1548210,1514230,1548210,1514244,3337279128,1399-07-27
2020-10-19,1493940,1462380,1493940,1462382,1484911996,1399-07-28
2020-10-20,1450620,1419310,1450620,1419312,3401250927,1399-07-29
2020-10-21,1431080,1412280,1422830,1412300,10170446314,1399-07-30
2020-10-24,1396480,1374040,1396480,1374049,2569014788,1399-08-03
2020-10-26,1360240,1336580,1360240,1336583,6000059539,1399-08-05
2020-10-27,1329450,1301730,1329450,1301959,4618914028,1399-08-06
2020-10-28,1288340,1278840,1285520,1288286,5610643243,1399-08-07
2020-10-31,1312180,1294990,1294990,1305979,6504434829,1399-08-10
2020-11-01,1303510,1279880,1303510,1279902,4956633713,1399-08-11
2020-11-02,1267270,1262240,1267270,1264538,5216162788,1399-08-12
2020-11-04,1290500,1271520,1271520,1290507,5268439718,1399-08-14
2020-11-07,1277210,1262470,1277210,1262870,5541613371,1399-08-17
2020-11-08,1252300,1240480,1252300,1240513,1101596681,1399-08-18
2020-11-09,1225240,1214900,1225240,1215223,6620972135,1399-08-19
2020-11-10,1223260,1211900,1217980,1211936,8214236358,1399-08-20
2020-11-11,1221080,1210030,1214430,1221082,8554396238,1399-08-21
2020-11-14,1249510,1231050,1231050,1247591,4122853690,1399-08-24
2020-11-15,1268780,1257280,1261580,1257364,16100988695,1399-08-25
2020-11-16,1273740,1251400,1252820,1273747,8798789306,1399-08-26
2020-11-17,1309020,1283030,1283030,1296958,8663396085,1399-08-27
2020-11-18,1345400,1319950,1319950,1345295,6577194971,1399-08-28
2020-11-21,1374800,1366530,1370200,1366536,19667002049,1399-09-01
2020-11-22,1359480,1337630,1359480,1358848,17106964569,1399-09-02
2020-11-23,1384440,1369120,1369120,1375530,11225036316,1399-09-03
2020-11-24,1382200,1356940,1380840,1356944,21524946160,1399-09-04
2020-11-25,1367170,1344870,1348360,1367171,14463166857,1399-09-05
2020-11-28,1390800,1368560,1371420,1390803,17281599312,1399-09-08
2020-11-29,1427190,1405710,1405710,1427199,15814137118,1399-09-09
2020-11-30,1465970,1445700,1445700,1465934,14334810815,1399-09-10
2020-12-01,1474840,1457930,1460200,1473702,12756294341,1399-09-11
2020-12-02,1480720,1468900,1472200,1470968,13833002786,1399-09-12
2020-12-05,1490710,1463970,1464930,1490713,10665347293,1399-09-15
2020-12-06,1526570,1505190,1505190,1523106,12490671592,1399-09-16
2020-12-07,1531890,1512960,1523650,1512962,21808948958,1399-09-17
2020-12-08,1512580,1492770,1512580,1507363,13722271110,1399-09-18
2020-12-09,1515060,1502960,1511130,1506275,10798463436,1399-09-19
2020-12-12,1535250,1520510,1520510,1527453,14594084876,1399-09-22
2020-12-13,1520230,1509750,1520230,1515758,11644858133,1399-09-23
2020-12-14,1518210,1484100,1518210,1484107,14084995290,1399-09-24
2020-12-15,1459790,1428350,1459790,1428376,6521500010,1399-09-25
2020-12-16,1413450,1400370,1407130,1413430,12418576590,1399-09-26
2020-12-19,1444880,1429390,1429390,1444888,10053695004,1399-09-29
2020-12-20,1452890,1437350,1452580,1439055,9046000713,1399-09-30
2020-12-21,1444110,1428930,1434600,1436415,9016270370,1399-10-01
2020-12-22,1444880,1433590,1436100,1444889,10609432336,1399-10-02
2020-12-23,1454380,1447840,1453170,1447841,9479300241,1399-10-03
2020-12-26,1447700,1423500,1447700,1423507,8829685670,1399-10-06
2020-12-27,1420950,1407750,1419640,1419059,9963979528,1399-10-07
2020-12-28,1440730,1423010,1423010,1437142,8175616706,1399-10-08
2020-12-29,1438930,1411490,1438930,1411824,8230915060,1399-10-09
2020-12-30,1411540,1397840,1411540,1397848,7840080837,1399-10-10
2021-01-02,1389700,1354110,1389700,1354114,6065577245,1399-10-13
2021-01-03,1357900,1345820,1347700,1355475,8925080297,1399-10-14
2021-01-04,1375350,1361540,1361540,1374501,8791746228,1399-10-15
2021-01-05,1372480,1350210,1372480,1350211,8904611865,1399-10-16
2021-01-06,1342160,1310450,1342160,1310709,8503250697,1399-10-17
2021-01-09,1303850,1285940,1303460,1285948,10288013861,1399-10-20
2021-01-10,1310030,1295500,1295500,1306715,8674182628,1399-10-21
2021-01-11,1312750,1301240,1312750,1301245,9679612204,1399-10-22
2021-01-12,1295500,1260690,1295500,1260698,6828156829,1399-10-23
2021-01-13,1249380,1229870,1249380,1229890,10250216369,1399-10-24
2021-01-16,1223410,1186780,1223410,1186787,7772061093,1399-10-27
2021-01-18,1168400,1149720,1168400,1149722,3308414549,1399-10-29
2021-01-19,1150620,1129920,1136600,1150625,10365115501,1399-10-30
2021-01-20,1185110,1159090,1159090,1183948,5195508476,1399-11-01
2021-01-23,1222070,1198980,1198980,1222070,4737159684,1399-11-04
2021-01-24,1250930,1234590,1237010,1234597,15681567934,1399-11-05
2021-01-25,1236290,1221110,1229750,1235764,9116614034,1399-11-06
2021-01-26,1240100,1214830,1238780,1215034,7457374462,1399-11-07
2021-01-27,1207750,1195640,1206750,1207733,8643069142,1399-11-08
2021-01-30,1247170,1216670,1216670,1247177,5547352978,1399-11-11
2021-01-31,1268520,1250950,1264750,1250992,12335676777,1399-11-12
2021-02-01,1249530,1233550,1246540,1233614,8087403913,1399-11-13
2021-02-02,1226980,1204590,1226980,1205429,11158724947,1399-11-14
2021-02-03,1207530,1173050,1206050,1173050,8053844799,1399-11-15
2021-02-06,1164370,1135360,1164370,1135369,5822912944,1399-11-18
2021-02-07,1170490,1147970,1147970,1170497,5250429327,1399-11-19
2021-02-08,1195060,1185400,1185400,1192858,10959977448,1399-11-20
2021-02-09,1214370,1194040,1194040,1214371,7656883837,1399-11-21
2021-02-13,1262200,1239130,1239130,1262202,6812020606,1399-11-25
2021-02-14,1272400,1264330,1269480,1264338,11019032818,1399-11-26
2021-02-15,1260400,1257060,1260400,1257237,5874082757,1399-11-27
2021-02-16,1256530,1245800,1256530,1245844,3646486301,1399-11-28
2021-02-17,1246880,1238390,1246880,1238398,3465149156,1399-11-29
2021-02-20,1241480,1232750,1241480,1232762,3198918306,1399-12-02
2021-02-21,1229810,1222650,1229810,1222659,1146390922,1399-12-03
2021-02-22,1219750,1214500,1219750,1214500,1590353839,1399-12-04
2021-02-23,1211760,1208660,1211580,1211767,5860561500,1399-12-05
2021-02-24,1215880,1205720,1215700,1205798,3225759933,1399-12-06
2021-02-27,1201940,1193970,1201940,1193978,1833200267,1399-12-09
2021-02-28,1192170,1185400,1192170,1185599,1057407424,1399-12-10
2021-03-01,1183880,1181210,1181790,1181659,3331991170,1399-12-11
2021-03-02,1190730,1182520,1182520,1186334,4498664813,1399-12-12
2021-03-03,1186060,1177950,1186060,1177976,2713127545,1399-12-13
2021-03-06,1175540,1169740,1175540,1169761,1975399821,1399-12-16
2021-03-07,1175590,1168090,1168090,1175591,4423613736,1399-12-17
2021-03-08,1199940,1178190,1178190,1199945,6664175236,1399-12-18
2021-03-09,1215720,1203570,1203570,1210149,6038212391,1399-12-19
2021-03-10,1206780,1203990,1205170,1206782,2858107825,1399-12-20
2021-03-13,1229480,1205950,1206310,1229419,5811625371,1399-12-23
2021-03-14,1246060,1233740,1233740,1245140,7955737604,1399-12-24
2021-03-15,1254250,1241410,1242820,1254252,5728688212,1399-12-25
2021-03-16,1290520,1255480,1255480,1290519,6832208157,1399-12-26
2021-03-17,1309860,1305450,1305450,1307658,5267125203,1399-12-27
2021-03-27,1309790,1304330,1307510,1309573,6016487253,1400-01-07
2021-03-28,1311180,1304520,1310910,1306859,4237448991,1400-01-08
2021-03-30,1306080,1302850,1305230,1303089,3063023474,1400-01-10
2021-03-31,1303100,1294540,1302900,1294544,2420645005,1400-01-11
2021-04-03,1292110,1282870,1292110,1282874,1438577569,1400-01-14
2021-04-04,1280970,1269530,1280970,1269534,833646502,1400-01-15
2021-04-05,1266760,1261350,1266760,1262745,2745085592,1400-01-16
2021-04-06,1267130,1260800,1265420,1260800,2787025196,1400-01-17
2021-04-07,1258600,1249890,1258600,1249898,1068639226,1400-01-18
2021-04-10,1246740,1240750,1246740,1240759,588396551,1400-01-21
2021-04-11,1237340,1230920,1237340,1230927,1265213974,1400-01-22
2021-04-12,1228760,1225810,1228760,1226119,2409026367,1400-01-23
2021-04-13,1245540,1234640,1234640,1244587,5631017338,1400-01-24
2021-04-14,1245620,1243040,1245600,1243236,2980081548,1400-01-25
2021-04-17,1241280,1233720,1241280,1233724,885610263,1400-01-28
2021-04-18,1231020,1224770,1231020,1224778,629873549,1400-01-29
2021-04-19,1221330,1216160,1221330,1216836,2265944945,1400-01-30
2021-04-20,1220870,1217280,1218570,1219665,4424916507,1400-01-31
2021-04-21,1217270,1207060,1217270,1207063,2011429984,1400-02-01
2021-04-24,1205470,1199330,1205470,1199339,1490632244,1400-02-04
2021-04-25,1197080,1187810,1197080,1187820,1216771556,1400-02-05
2021-04-26,1187200,1184030,1187200,1186933,3058115485,1400-02-06
2021-04-27,1203460,1189820,1189820,1202638,4983855887,1400-02-07
2021-04-28,1210950,1204000,1204000,1207702,5437139508,1400-02-08
2021-05-01,1208560,1194300,1208560,1194304,3701769749,1400-02-11
2021-05-02,1191400,1180700,1191400,1180709,2041457656,1400-02-12
2021-05-03,1176770,1167070,1176770,1167073,1589299529,1400-02-13
2021-05-05,1172610,1167870,1167870,1172249,3573775657,1400-02-15
2021-05-08,1176190,1167490,1176190,1167498,1895501673,1400-02-18
2021-05-09,1164800,1151870,1164800,1151873,2041883508,1400-02-19
2021-05-10,1157640,1149380,1149820,1157642,4471853076,1400-02-20
2021-05-11,1179620,1161040,1161040,1179618,4495270628,1400-02-21
2021-05-12,1190210,1183960,1185340,1183980,3672387461,1400-02-22
2021-05-15,1192890,1181600,1182730,1189524,3040412416,1400-02-25
2021-05-16,1192340,1188800,1189690,1188806,4768075442,1400-02-26
2021-05-17,1188210,1174670,1188210,1174673,3951632686,1400-02-27
2021-05-18,1177060,1172190,1172370,1173536,3966650386,1400-02-28
2021-05-19,1172920,1154760,1172920,1154768,2837606733,1400-02-29
2021-05-22,1149260,1127250,1149260,1128164,3140846699,1400-03-01
2021-05-23,1123500,1107790,1123500,1107900,2736872962,1400-03-02
2021-05-24,1105220,1095720,1105220,1095726,3100360796,1400-03-03
2021-05-25,1105850,1095800,1095800,1105446,3828842175,1400-03-04
2021-05-26,1110560,1106280,1106380,1109370,3187572389,1400-03-05
2021-05-29,1139620,1111520,1111520,1139481,5193610223,1400-03-08
2021-05-30,1163570,1152570,1152570,1156892,6544526193,1400-03-09
2021-05-31,1155680,1145970,1155680,1145971,4231361800,1400-03-10
2021-06-01,1147490,1140490,1146610,1140498,3867028257,1400-03-11
2021-06-02,1148660,1141410,1141580,1148666,4348234319,1400-03-12
2021-06-07,1157240,1151220,1151220,1157229,4346687369,1400-03-17
2021-06-08,1166720,1159570,1159570,1160568,7223890859,1400-03-18
2021-06-09,1160360,1151840,1160360,1151842,5282897554,1400-03-19
2021-06-12,1152360,1144870,1151810,1144873,4392171425,1400-03-22
2021-06-13,1144590,1140550,1144590,1141290,4285498371,1400-03-23
2021-06-14,1150210,1142480,1142480,1150215,5291759110,1400-03-24
2021-06-15,1155210,1150150,1152790,1150159,6211631825,1400-03-25
2021-06-16,1149910,1147660,1149300,1147669,4460515642,1400-03-26
2021-06-19,1161980,1150970,1150970,1161985,4947610675,1400-03-29
2021-06-20,1169040,1163710,1168220,1163716,5702591827,1400-03-30
2021-06-21,1168590,1160910,1162360,1168593,6855160451,1400-03-31
2021-06-22,1186900,1173270,1173270,1186906,6922063457,1400-04-01
2021-06-23,1213020,1186960,1186960,1213023,8919103052,1400-04-02
2021-06-26,1236400,1219380,1219380,1233783,7294193269,1400-04-05
2021-06-27,1240630,1230470,1233930,1238486,7958311624,1400-04-06
2021-06-28,1243740,1236470,1240510,1243748,7726931471,1400-04-07
2021-06-29,1250970,1244400,1244400,1248540,6459143878,1400-04-08
2021-06-30,1256960,1248100,1249300,1256960,6152334613,1400-04-09
2021-07-03,1258900,1246050,1258600,1246055,6308319007,1400-04-12
2021-07-04,1244540,1237550,1242840,1243752,5329408022,1400-04-13
2021-07-05,1254610,1245320,1245320,1254612,5791965079,1400-04-14
2021-07-06,1281270,1261580,1261580,1281130,6464619858,1400-04-15
2021-07-07,1284730,1282010,1283530,1282019,5660855792,1400-04-16
2021-07-10,1281600,1270700,1281600,1270727,5276527515,1400-04-19
2021-07-11,1285280,1270570,1270570,1285283,6743793882,1400-04-20
2021-07-12,1307750,1288550,1288550,1304333,6664856269,1400-04-21
2021-07-13,1309310,1302440,1303420,1303921,6676900783,1400-04-22
2021-07-14,1305540,1300770,1303300,1305491,6362755008,1400-04-23
2021-07-17,1317930,1311220,1313360,1311220,7531264197,1400-04-26
2021-07-18,1310110,1300970,1310110,1302916,6782169555,1400-04-27
2021-07-19,1311270,1304670,1304670,1311278,4378318444,1400-04-28
2021-07-26,1323640,1313130,1313130,1323391,4015605714,1400-05-04
2021-07-27,1329370,1314920,1325050,1314954,4908506632,1400-05-05
2021-07-28,1320880,1315480,1315480,1316516,5442088670,1400-05-06
2021-07-31,1351460,1320120,1320120,1351468,6718253017,1400-05-09
2021-08-01,1361730,1358070,1358070,1360281,6201045110,1400-05-10
2021-08-02,1361240,1357730,1360330,1357969,5721659098,1400-05-11
2021-08-03,1375610,1358830,1358830,1375612,6422036871,1400-05-12
2021-08-04,1406060,1381500,1381500,1406058,7294600290,1400-05-13
2021-08-07,1417740,1407750,1415630,1407759,6959535853,1400-05-16
2021-08-08,1418850,1407330,1407950,1417863,5935066908,1400-05-17
2021-08-09,1433170,1420480,1420480,1433176,8109751537,1400-05-18
2021-08-10,1453790,1436980,1436980,1453797,8162552401,1400-05-19
2021-08-11,1484590,1463390,1463390,1484590,8981827908,1400-05-20
2021-08-14,1490390,1477570,1490390,1480830,11703148905,1400-05-23
2021-08-15,1500000,1480870,1481530,1500000,8861705823,1400-05-24
2021-08-22,1518690,1505880,1505880,1515483,11347478380,1400-05-31
2021-08-23,1517100,1508590,1517100,1515886,10269649249,1400-06-01
2021-08-24,1543470,1518780,1518780,1543476,9736770417,1400-06-02
2021-08-25,1550120,1540460,1547060,1550121,10579625098,1400-06-03
2021-08-28,1575760,1554870,1554870,1575764,10318601791,1400-06-06
2021-08-29,1585700,1572320,1581850,1573408,14455263193,1400-06-07
2021-08-30,1554580,1523990,1554580,1523997,11227830549,1400-06-08
2021-08-31,1501550,1477720,1501550,1496156,12832386075,1400-06-09
2021-09-01,1520680,1500080,1500080,1520688,8564129441,1400-06-10
2021-09-04,1545400,1527700,1527700,1541049,9349195923,1400-06-13
2021-09-05,1540130,1531560,1540130,1537271,8972644632,1400-06-14
2021-09-06,1545120,1538500,1539020,1538503,9585396306,1400-06-15
2021-09-07,1535800,1523080,1535800,1523087,8089466398,1400-06-16
2021-09-08,1526500,1523170,1523170,1526009,6283974927,1400-06-17
2021-09-11,1538620,1530510,1532090,1530515,6520924394,1400-06-20
2021-09-12,1528910,1489390,1528910,1489995,5880109268,1400-06-21
2021-09-13,1490140,1473360,1489550,1475274,6776223293,1400-06-22
2021-09-14,1497450,1476940,1476940,1496955,5839297472,1400-06-23
2021-09-15,1497370,1488290,1497370,1488292,5445886674,1400-06-24
2021-09-18,1489160,1450220,1489160,1450221,5810963290,1400-06-27
2021-09-19,1448450,1420480,1448450,1420484,6079196765,1400-06-28
2021-09-20,1429440,1422060,1422060,1427758,5098571373,1400-06-29
2021-09-21,1427870,1391210,1427870,1391220,5808778659,1400-06-30
2021-09-22,1393860,1379750,1392210,1386466,6443085429,1400-06-31
2021-09-25,1422100,1392030,1392030,1422105,5747555915,1400-07-03
2021-09-26,1429250,1424570,1425890,1424719,4652684048,1400-07-04
2021-09-28,1431900,1425340,1425340,1425441,4822181585,1400-07-06
2021-09-29,1437030,1425480,1425480,1437022,5000518771,1400-07-07
2021-10-02,1473480,1443220,1443220,1473480,5994461140,1400-07-10
2021-10-03,1481300,1474610,1476870,1476689,7055630221,1400-07-11
2021-10-04,1485150,1477100,1477310,1484663,4975824181,1400-07-12
2021-10-06,1489290,1487400,1487400,1488301,5140158940,1400-07-14
2021-10-09,1488760,1465980,1488760,1465983,5095216047,1400-07-17
2021-10-10,1464230,1453230,1464230,1455611,4185293066,1400-07-18
2021-10-11,1461130,1456500,1456500,1457480,3788688478,1400-07-19
2021-10-12,1454820,1418720,1454820,1418721,5118731445,1400-07-20
2021-10-13,1417770,1397260,1417770,1397446,4886080618,1400-07-21
2021-10-16,1437440,1406010,1406010,1437445,4392107216,1400-07-24
2021-10-17,1445100,1436050,1444280,1436062,4930419154,1400-07-25
2021-10-18,1436960,1430250,1435350,1436964,4798539230,1400-07-26
2021-10-19,1449650,1437810,1437810,1449472,4510391243,1400-07-27
2021-10-20,1449530,1436370,1449530,1436372,3710878361,1400-07-28
2021-10-23,1435570,1407660,1435570,1407751,4435812722,1400-08-01
2021-10-25,1405040,1384100,1405040,1384111,4511599216,1400-08-03
2021-10-26,1384910,1381620,1382190,1384470,4136016684,1400-08-04
2021-10-27,1393950,1384580,1384580,1393925,3751370164,1400-08-05
2021-10-30,1394770,1375720,1394770,1375720,4569374233,1400-08-08
2021-10-31,1375020,1340310,1375020,1340319,5262862323,1400-08-09
2021-11-01,1361400,1345870,1345870,1361403,3605362716,1400-08-10
2021-11-02,1376090,1362700,1362700,1376094,3557859988,1400-08-11
2021-11-03,1398440,1377730,1377730,1398441,4379613288,1400-08-12
2021-11-06,1440630,1402650,1402650,1440637,3432246848,1400-08-15
2021-11-07,1442950,1430950,1442440,1430960,10343729241,1400-08-16
2021-11-08,1435550,1426740,1429740,1434392,8279979789,1400-08-17
2021-11-09,1449260,1434770,1434770,1447656,7391292653,1400-08-18
2021-11-10,1456530,1449180,1450520,1456523,5140830227,1400-08-19
2021-11-13,1450400,1439170,1450400,1439178,4284024773,1400-08-22
2021-11-14,1446550,1440720,1440720,1442588,5007389134,1400-08-23
2021-11-15,1442230,1416330,1442230,1416340,4470305876,1400-08-24
2021-11-16,1414610,1408580,1414610,1408582,3417682862,1400-08-25
2021-11-17,1413640,1409600,1409600,1410778,3965728673,1400-08-26
2021-11-20,1411560,1383480,1411560,1383485,4180078461,1400-08-29
2021-11-21,1386970,1381660,1383020,1386973,4557787721,1400-08-30
2021-11-22,1407760,1390290,1390290,1407127,4692745831,1400-09-01
2021-11-23,1408720,1403670,1408720,1404612,3461638431,1400-09-02
2021-11-24,1404530,1394090,1404530,1394096,3957085453,1400-09-03
2021-11-27,1390440,1366660,1390440,1366664,3697869525,1400-09-06
2021-11-28,1369900,1367090,1367100,1368014,3179889290,1400-09-07
2021-11-29,1369970,1363820,1368020,1363840,2695389389,1400-09-08
2021-11-30,1363840,1357090,1363840,1357093,3258521386,1400-09-09
2021-12-01,1356780,1340110,1356780,1340121,3366264597,1400-09-10
2021-12-04,1342690,1333860,1341350,1334735,3223998062,1400-09-13
2021-12-05,1343250,1335870,1335870,1343253,2778352452,1400-09-14
2021-12-06,1345570,1342290,1343510,1342343,2755443049,1400-09-15
2021-12-07,1341580,1337510,1341580,1337988,2343601361,1400-09-16
2021-12-08,1349360,1338260,1338260,1349365,4037895607,1400-09-17
2021-12-11,1350440,1344440,1350120,1344448,4801350997,1400-09-20
2021-12-12,1342540,1320710,1342540,1320762,3811331709,1400-09-21
2021-12-13,1319960,1295520,1319960,1295527,4333878064,1400-09-22
2021-12-14,1293200,1288810,1293200,1291798,3951692553,1400-09-23
2021-12-15,1296370,1292090,1292090,1293213,3667776872,1400-09-24
2021-12-18,1305570,1295400,1295400,1305577,3997654564,1400-09-27
2021-12-19,1306180,1291660,1306180,1291666,3514779588,1400-09-28
2021-12-20,1301510,1292940,1292940,1301517,3795874634,1400-09-29
2021-12-21,1318460,1302570,1302570,1318467,3377664553,1400-09-30
2021-12-22,1359010,1321750,1321750,1359011,4385161936,1400-10-01
2021-12-25,1387120,1367290,1367290,1385528,5998858611,1400-10-04
2021-12-26,1384990,1379160,1384990,1384015,4587444486,1400-10-05
2021-12-27,1401250,1386050,1386050,1400290,5415616618,1400-10-06
2021-12-28,1399970,1397100,1399970,1399889,4498907423,1400-10-07
2021-12-29,1400980,1397350,1400140,1397358,5429556601,1400-10-08
2022-01-01,1396330,1378890,1396330,1378895,3940751710,1400-10-11
2022-01-02,1380640,1378600,1378600,1378984,2964382580,1400-10-12
2022-01-03,1380040,1376060,1379100,1376070,2981327219,1400-10-13
2022-01-04,1375900,1362790,1375900,1362795,3298636722,1400-10-14
2022-01-05,1363180,1362340,1362820,1363123,2724471905,1400-10-15
2022-01-08,1367520,1362340,1363230,1362439,5180052768,1400-10-18
2022-01-09,1362250,1336770,1362250,1336779,4201865742,1400-10-19
2022-01-10,1335890,1330160,1335890,1332642,4465580312,1400-10-20
2022-01-11,1338330,1333640,1333640,1334702,3973443239,1400-10-21
2022-01-12,1335410,1334280,1334730,1334284,3356052965,1400-10-22
2022-01-15,1334340,1322620,1334340,1322632,3774945135,1400-10-25
2022-01-16,1322280,1310820,1322280,1310877,3208295790,1400-10-26
2022-01-17,1314220,1306530,1311180,1306531,3746843575,1400-10-27
2022-01-18,1305650,1275930,1305650,1275936,4504674260,1400-10-28
2022-01-19,1279500,1274600,1275020,1279450,3436299699,1400-10-29
2022-01-22,1286700,1281800,1285390,1281803,3521012062,1400-11-02
2022-01-23,1280920,1256540,1280920,1256547,4622360998,1400-11-03
2022-01-24,1255450,1234680,1255450,1234689,3361522069,1400-11-04
2022-01-25,1233940,1207990,1233940,1207991,5442842578,1400-11-05
2022-01-26,1229420,1213820,1213820,1229423,4489233096,1400-11-06
2022-01-29,1258970,1233380,1233380,1258963,3360744518,1400-11-09
2022-01-30,1284570,1267830,1267830,1284578,4845764628,1400-11-10
2022-01-31,1294670,1285250,1285260,1294670,5534972786,1400-11-11
2022-02-01,1301430,1297220,1297220,1301298,6739483619,1400-11-12
2022-02-02,1301360,1299120,1301360,1301197,5564176410,1400-11-13
2022-02-05,1306380,1304100,1304100,1304437,4554466859,1400-11-16
2022-02-06,1303820,1281960,1303820,1282050,5468330997,1400-11-17
2022-02-07,1278700,1274390,1278700,1274488,4522006028,1400-11-18
2022-02-08,1281460,1275710,1275710,1281169,4433649689,1400-11-19
2022-02-09,1284120,1279280,1281340,1284120,4587036413,1400-11-20
2022-02-12,1285800,1284100,1285030,1284108,4879553227,1400-11-23
2022-02-13,1284190,1276020,1284190,1276044,3676757619,1400-11-24
2022-02-14,1283350,1277410,1277410,1283344,3240409303,1400-11-25
2022-02-16,1283720,1282470,1283540,1282475,2952216315,1400-11-27
2022-02-19,1283210,1281990,1282940,1282130,4405539846,1400-11-30
2022-02-20,1282600,1274290,1282460,1274401,3727731326,1400-12-01
2022-02-21,1282970,1275260,1275260,1281568,6044409551,1400-12-02
2022-02-22,1285140,1282760,1282760,1284826,4422020825,1400-12-03
2022-02-23,1288340,1285420,1285420,1288337,4058576221,1400-12-04
2022-02-26,1287720,1282790,1287720,1282797,4386324762,1400-12-07
2022-02-27,1282440,1278880,1282440,1279302,2870301032,1400-12-08
2022-02-28,1281870,1279670,1279670,1281847,3114364383,1400-12-09
2022-03-02,1284660,1280900,1283490,1281153,5504532545,1400-12-11
2022-03-05,1298810,1286890,1286890,1298819,8431989253,1400-12-14
2022-03-06,1322610,1303940,1303940,1322616,7988835321,1400-12-15
2022-03-07,1344950,1328360,1328360,1342924,7952598827,1400-12-16
2022-03-08,1341830,1336640,1341830,1336642,5505115862,1400-12-17
2022-03-09,1348340,1338400,1338400,1348349,6351207917,1400-12-18
2022-03-12,1340770,1332940,1340770,1332949,7539533037,1400-12-21
2022-03-13,1335760,1331760,1332270,1335312,4474518130,1400-12-22
2022-03-14,1336760,1334780,1335620,1334781,3542225724,1400-12-23
2022-03-15,1337910,1334420,1334500,1337269,4977068562,1400-12-24
2022-03-16,1345030,1339240,1339240,1345031,4191591985,1400-12-25
2022-03-19,1367240,1347800,1347800,1367247,5431365028,1400-12-28
2022-03-26,1390770,1374190,1374190,1390860,8730694969,1401-01-06
2022-03-27,1403590,1391710,1391710,1403591,7640979813,1401-01-07
2022-03-28,1418610,1404460,1404460,1418611,9948573423,1401-01-08
2022-03-29,1422940,1414230,1422940,1414232,12356809626,1401-01-09
2022-03-30,1432170,1411940,1413500,1432138,7400595096,1401-01-10
2022-04-03,1461960,1434650,1434650,1461963,9496208580,1401-01-14
2022-04-04,1476900,1468870,1468890,1468872,13936566360,1401-01-15
2022-04-05,1471450,1465200,1467850,1471457,9625565759,1401-01-16
2022-04-06,1473520,1463740,1472840,1463743,11165395785,1401-01-17
2022-04-09,1460550,1451760,1460550,1458684,8423628503,1401-01-20
2022-04-10,1474240,1461710,1461710,1474100,11270947735,1401-01-21
2022-04-11,1479890,1475300,1475490,1479591,10070884564,1401-01-22
2022-04-12,1474000,1445960,1474000,1445970,9289109331,1401-01-23
2022-04-13,1454120,1443170,1443170,1454127,8473206930,1401-01-24
2022-04-16,1467660,1457810,1457810,1467669,7494763045,1401-01-27
2022-04-17,1475050,1465590,1468090,1475054,8645131543,1401-01-28
2022-04-18,1503470,1478780,1478780,1501713,10668521985,1401-01-29
2022-04-19,1513060,1499890,1500930,1513067,8464317027,1401-01-30
2022-04-20,1515730,1511160,1515120,1512287,8789038421,1401-01-31
2022-04-24,1513370,1504710,1513370,1504718,7048267553,1401-02-04
2022-04-25,1507310,1502270,1504680,1507311,7873067515,1401-02-05
2022-04-26,1522920,1508830,1508830,1522781,10785886694,1401-02-06
2022-04-27,1526480,1521390,1524440,1521392,10177680160,1401-02-07
2022-04-30,1523860,1521470,1521760,1522484,7980899328,1401-02-10
2022-05-01,1525770,1522390,1522900,1523422,8536165651,1401-02-11
2022-05-02,1529780,1523100,1523890,1529709,7386800132,1401-02-12
2022-05-07,1543790,1535860,1535860,1543797,9487608829,1401-02-17
2022-05-08,1552990,1547240,1547240,1552998,10278017846,1401-02-18
2022-05-09,1553820,1540130,1553820,1540137,9677311994,1401-02-19
2022-05-10,1539530,1535000,1539260,1539531,7252299560,1401-02-20
2022-05-11,1564440,1543510,1543510,1564449,8818936682,1401-02-21
2022-05-14,1578440,1569470,1569470,1578411,11231749286,1401-02-24
2022-05-15,1579990,1569950,1579760,1572980,10885932814,1401-02-25
2022-05-16,1583800,1575270,1575270,1583800,10148885600,1401-02-26
2022-05-17,1607220,1588770,1588770,1606024,10239274235,1401-02-27
2022-05-18,1605300,1594970,1605300,1594978,8283025474,1401-02-28
2022-05-21,1591530,1579690,1591530,1579691,8136842521,1401-02-31
2022-05-22,1582320,1579740,1579740,1582144,6746482935,1401-03-01
2022-05-23,1582500,1557200,1582500,1557211,10543927322,1401-03-02
2022-05-24,1556930,1555660,1556930,1555689,6541335303,1401-03-03
2022-05-25,1564480,1557800,1557800,1564488,6900376730,1401-03-04
2022-05-28,1568120,1553370,1566820,1553402,7698783533,1401-03-07
2022-05-29,1552010,1532910,1552010,1534057,7474722370,1401-03-08
2022-05-30,1538230,1535400,1535400,1537380,5769524542,1401-03-09
2022-05-31,1542990,1537420,1537420,1542711,4998904433,1401-03-10
2022-06-01,1543680,1540170,1542830,1541980,5070499301,1401-03-11
2022-06-06,1541460,1514300,1541460,1514310,6989831853,1401-03-16
2022-06-07,1516000,1512920,1513320,1515388,4619073333,1401-03-17
2022-06-08,1520300,1515760,1515760,1520299,3876978524,1401-03-18
2022-06-11,1520690,1518020,1520690,1518290,4466025685,1401-03-21
2022-06-12,1532380,1517330,1518170,1532387,5277717960,1401-03-22
2022-06-13,1571440,1536850,1536850,1571447,6775511396,1401-03-23
2022-06-14,1574720,1572860,1572860,1574065,6416270653,1401-03-24
2022-06-15,1573720,1564040,1573720,1564334,4076206328,1401-03-25
2022-06-18,1563570,1547700,1563220,1547738,5318032512,1401-03-28
2022-06-19,1548540,1545960,1546610,1545963,5438961872,1401-03-29
2022-06-20,1550110,1546860,1546860,1547247,5062568220,1401-03-30
2022-06-21,1547320,1539620,1547320,1539632,3896452801,1401-03-31
2022-06-22,1539600,1533390,1539570,1533395,4648684516,1401-04-01
2022-06-25,1532580,1520330,1532570,1520335,5985742743,1401-04-04
2022-06-26,1520440,1501340,1520440,1501340,5287693332,1401-04-05
2022-06-27,1504080,1500900,1501130,1504065,4802010386,1401-04-06
2022-06-28,1514800,1505160,1505160,1514434,4392836645,1401-04-07
2022-06-29,1513720,1512410,1513560,1513716,4550450312,1401-04-08
2022-07-02,1512500,1501630,1512500,1501632,4825953209,1401-04-11
2022-07-03,1502980,1500210,1501610,1502986,3772114672,1401-04-12
2022-07-04,1507450,1503640,1503640,1507157,3925103558,1401-04-13
2022-07-05,1511070,1507200,1507310,1511076,4475750321,1401-04-14
2022-07-06,1510270,1502590,1510270,1502604,4201528023,1401-04-15
2022-07-09,1504130,1498500,1504130,1498513,3907349262,1401-04-18
2022-07-11,1499050,1487590,1499050,1487598,4809381296,1401-04-20
2022-07-12,1486950,1480250,1486950,1483535,4238822856,1401-04-21
2022-07-13,1490550,1487450,1487450,1490052,3713030356,1401-04-22
2022-07-16,1490150,1480040,1490150,1480051,4176484117,1401-04-25
2022-07-17,1480280,1468430,1480280,1469832,3451380723,1401-04-26
2022-07-19,1470710,1468650,1469790,1468893,2413418868,1401-04-28
2022-07-20,1471890,1468970,1468970,1471898,2030870621,1401-04-29
2022-07-23,1477390,1473490,1474080,1473499,3549576731,1401-05-01
2022-07-24,1473950,1463760,1473950,1463764,3653476952,1401-05-02
2022-07-25,1462860,1439260,1462860,1439417,3973888902,1401-05-03
2022-07-26,1441460,1438180,1439500,1438448,3456940908,1401-05-04
2022-07-27,1444240,1438740,1438740,1443713,2840138232,1401-05-05
2022-07-30,1449040,1440870,1444410,1440870,3190866612,1401-05-08
2022-07-31,1440510,1423100,1440510,1423497,4329691304,1401-05-09
2022-08-01,1427650,1424030,1424030,1427606,2652564405,1401-05-10
2022-08-02,1430020,1427770,1427770,1430021,2848514896,1401-05-11
2022-08-03,1437360,1430510,1430510,1437361,3680889624,1401-05-12
2022-08-06,1448920,1438860,1438860,1448923,4157196019,1401-05-15
2022-08-09,1452980,1448400,1449260,1451942,4906223988,1401-05-18
2022-08-10,1452900,1448460,1452320,1448464,3550910390,1401-05-19
2022-08-13,1467100,1451150,1451150,1467101,5239433036,1401-05-22
2022-08-14,1470230,1463650,1470230,1463654,6176494488,1401-05-23
2022-08-15,1464020,1461490,1463770,1463698,6474478937,1401-05-24
2022-08-16,1467230,1459500,1467070,1459501,7636021437,1401-05-25
2022-08-17,1460750,1451390,1460750,1451399,7264924670,1401-05-26
2022-08-20,1449960,1438810,1449960,1438819,5343986018,1401-05-29
2022-08-21,1439380,1429890,1438890,1429907,4313991576,1401-05-30
2022-08-22,1431420,1424480,1430170,1424497,5077543005,1401-05-31
2022-08-23,1431470,1424950,1424950,1431474,4845940936,1401-06-01
2022-08-24,1442400,1431670,1431670,1442373,5447693536,1401-06-02
2022-08-27,1451110,1443410,1443410,1450045,5398056604,1401-06-05
2022-08-28,1449530,1444080,1449530,1444087,5253074301,1401-06-06
2022-08-29,1446490,1444320,1444320,1445139,3917656157,1401-06-07
2022-08-30,1445770,1441210,1445610,1441217,3800683045,1401-06-08
2022-08-31,1441350,1439370,1441350,1439376,3441115707,1401-06-09
2022-09-03,1438770,1426930,1438770,1426941,4127301895,1401-06-12
2022-09-04,1427540,1426900,1427110,1426908,2885700678,1401-06-13
2022-09-05,1428860,1426770,1427560,1426780,3195781111,1401-06-14
2022-09-06,1426970,1420830,1426970,1420834,3121696533,1401-06-15
2022-09-07,1421130,1412850,1421100,1412859,3271956262,1401-06-16
2022-09-10,1412410,1397430,1412410,1397434,3692365098,1401-06-19
2022-09-11,1397410,1390730,1397410,1390732,3309090789,1401-06-20
2022-09-12,1392530,1388920,1390940,1388970,3332190140,1401-06-21
2022-09-13,1393400,1389220,1389220,1393127,3724978547,1401-06-22
2022-09-14,1394120,1389070,1393690,1389080,3142825594,1401-06-23
2022-09-18,1389010,1377910,1389010,1377918,3137217995,1401-06-27
2022-09-19,1377880,1373820,1377880,1373821,2932375350,1401-06-28
2022-09-20,1373940,1367060,1373940,1367060,2870983028,1401-06-29
2022-09-21,1366380,1355220,1366380,1355241,3064290056,1401-06-30
2022-09-24,1354480,1328180,1354480,1328186,4240968186,1401-07-02
2022-09-26,1334440,1327940,1327940,1334448,3109279792,1401-07-04
2022-09-28,1346770,1335020,1335020,1346564,3430874071,1401-07-06
2022-10-01,1346240,1330870,1346240,1330879,4388547209,1401-07-09
2022-10-02,1330480,1322020,1330480,1322026,3466361632,1401-07-10
2022-10-03,1322590,1318710,1322200,1318714,2898387484,1401-07-11
2022-10-04,1318820,1313800,1318820,1313853,2480022229,1401-07-12
2022-10-08,1318280,1314650,1314650,1316721,2963611984,1401-07-16
2022-10-09,1315900,1305070,1315900,1305083,3760512199,1401-07-17
2022-10-10,1305760,1302730,1305360,1303920,3030432152,1401-07-18
2022-10-11,1313580,1304500,1304500,1313578,3196965229,1401-07-19
2022-10-12,1319780,1313960,1313960,1319790,2842450241,1401-07-20
2022-10-15,1319980,1317890,1319830,1317894,2743719853,1401-07-23
2022-10-16,1317870,1311280,1317870,1311282,3207076004,1401-07-24
2022-10-17,1311260,1310590,1311240,1311099,2815070501,1401-07-25
2022-10-18,1313870,1311480,1311480,1312563,2488357450,1401-07-26
2022-10-19,1312490,1310160,1312480,1310166,2030745102,1401-07-27
2022-10-22,1311950,1308940,1311140,1308960,2397785819,1401-07-30
2022-10-23,1309410,1296790,1309410,1296798,3069738522,1401-08-01
2022-10-24,1295740,1277730,1295740,1277737,3472720212,1401-08-02
2022-10-25,1277690,1267050,1277440,1267061,3278342203,1401-08-03
2022-10-26,1266700,1241030,1266700,1241044,4712224520,1401-08-04
2022-10-29,1247070,1243480,1243480,1244627,4401161572,1401-08-07
2022-10-30,1254460,1245160,1245160,1254465,3568132950,1401-08-08
2022-10-31,1269830,1255020,1255020,1269833,3845518105,1401-08-09
2022-11-01,1280460,1270990,1270990,1280456,3809854928,1401-08-10
2022-11-02,1283540,1279310,1280550,1283541,3508984882,1401-08-11
2022-11-05,1328320,1285820,1285820,1328324,6342982065,1401-08-14
2022-11-06,1344670,1332340,1332340,1344676,5752446089,1401-08-15
2022-11-07,1389750,1347170,1347170,1389753,7914594060,1401-08-16
2022-11-08,1413250,1400470,1400470,1407734,11288502166,1401-08-17
2022-11-09,1414340,1402660,1406710,1414348,8349630989,1401-08-18
2022-11-12,1426920,1417180,1417180,1426096,6303846352,1401-08-21
2022-11-13,1425510,1419120,1425510,1419140,5889104181,1401-08-22
2022-11-14,1419020,1408100,1419020,1408174,5068396946,1401-08-23
2022-11-15,1411070,1408500,1408500,1410460,4049050227,1401-08-24
2022-11-16,1413590,1409680,1410530,1413574,4106520700,1401-08-25
2022-11-19,1411960,1393060,1411960,1393064,5308220696,1401-08-28
2022-11-20,1404640,1396160,1396160,1404627,5729570568,1401-08-29
2022-11-21,1409280,1406340,1406340,1408598,6907390911,1401-08-30
2022-11-22,1408220,1406690,1408220,1407654,5825842203,1401-09-01
2022-11-23,1411240,1408300,1408300,1410188,5155785427,1401-09-02
2022-11-26,1412180,1408200,1411030,1408209,5213994431,1401-09-05
2022-11-27,1408070,1405730,1408070,1406190,5023683573,1401-09-06
2022-11-28,1408340,1406900,1406900,1408348,4910959865,1401-09-07
2022-11-29,1414200,1408340,1408340,1414205,4917791296,1401-09-08
2022-11-30,1418470,1415100,1415100,1417372,3888551923,1401-09-09
2022-12-03,1419190,1417120,1417560,1417720,4059188164,1401-09-12
2022-12-04,1419720,1417830,1418280,1417840,5357446033,1401-09-13
2022-12-05,1418560,1413600,1418200,1413605,4511480985,1401-09-14
2022-12-06,1413620,1409400,1413620,1409404,4960379527,1401-09-15
2022-12-07,1410860,1402820,1410860,1402830,7208061842,1401-09-16
2022-12-10,1402200,1383730,1402200,1383738,6152820063,1401-09-19
2022-12-11,1389360,1383740,1383740,1389362,5763284724,1401-09-20
2022-12-12,1409370,1389860,1389860,1409355,7419930511,1401-09-21
2022-12-13,1454480,1412120,1412120,1454482,8943466037,1401-09-22
2022-12-14,1474250,1462130,1462130,1472760,6401465487,1401-09-23
2022-12-17,1472250,1468910,1472250,1469933,5832408297,1401-09-26
2022-12-18,1500240,1472740,1472740,1500242,8079761479,1401-09-27
2022-12-19,1505280,1499680,1501030,1500909,9426158789,1401-09-28
2022-12-20,1501040,1492090,1501040,1492095,6776675269,1401-09-29
2022-12-21,1496370,1492600,1492600,1496201,6185140338,1401-09-30
2022-12-24,1538000,1500750,1500750,1538003,10103385881,1401-10-03
2022-12-25,1563560,1547140,1547140,1563567,10776995540,1401-10-04
2022-12-26,1576410,1563160,1566820,1576397,9446689906,1401-10-05
2022-12-28,1647310,1588820,1588820,1647314,15175183890,1401-10-07
2022-12-31,1619840,1590490,1619840,1590496,13499382402,1401-10-10
2023-01-01,1591830,1564080,1588760,1564366,10681553690,1401-10-11
2023-01-02,1593350,1569250,1569250,1593285,9614056360,1401-10-12
2023-01-03,1602700,1591350,1597310,1591354,14545269147,1401-10-13
2023-01-04,1589030,1578840,1589030,1579115,9460687460,1401-10-14
2023-01-07,1598060,1584390,1584390,1598061,13160395820,1401-10-17
2023-01-08,1635900,1609560,1609560,1635229,15530820650,1401-10-18
2023-01-09,1646900,1636120,1638720,1646906,16634422183,1401-10-19
2023-01-10,1674900,1659170,1659170,1668187,14353961655,1401-10-20
2023-01-11,1664920,1652080,1664920,1652087,13601418544,1401-10-21
2023-01-14,1643720,1631470,1643480,1643714,9365583644,1401-10-24
2023-01-15,1643710,1643710,0,1643714,0,1401-10-25
2023-01-16,1680680,1649660,1649660,1680675,12333059025,1401-10-26
2023-01-17,1693050,1686780,1686780,1687048,13657308030,1401-10-27
2023-01-18,1689140,1682980,1686240,1689144,12179698825,1401-10-28
2023-01-21,1688810,1657570,1688810,1657574,13453780518,1401-11-01
2023-01-22,1662840,1649050,1658290,1652924,10577410838,1401-11-02
2023-01-23,1667860,1653940,1658200,1653949,12575322806,1401-11-03
2023-01-24,1654390,1646050,1654390,1646054,7529763243,1401-11-04
2023-01-25,1646560,1611950,1646560,1611956,11492930174,1401-11-05
2023-01-28,1612660,1600080,1612310,1600082,9403364082,1401-11-08
2023-01-29,1597520,1542180,1597520,1542191,11035874312,1401-11-09
2023-01-30,1544400,1531440,1541850,1539680,8976236231,1401-11-10
2023-01-31,1557720,1541700,1541700,1556552,7917291432,1401-11-11
2023-02-01,1557540,1555680,1557530,1557244,6038652490,1401-11-12
2023-02-05,1556970,1540180,1556970,1540189,7500863445,1401-11-16
2023-02-06,1538830,1535100,1538830,1537859,6348458364,1401-11-17
2023-02-07,1556510,1539690,1539690,1556516,5826571862,1401-11-18
2023-02-08,1561350,1558080,1558280,1558082,5026161405,1401-11-19
2023-02-12,1557860,1545970,1557860,1545978,3851024133,1401-11-23
2023-02-13,1551840,1546530,1546530,1548278,4328248989,1401-11-24
2023-02-14,1548150,1537960,1548130,1537962,4062888178,1401-11-25
2023-02-15,1537670,1524790,1537670,1524795,3892525812,1401-11-26
2023-02-19,1533400,1525400,1525400,1533367,5063012844,1401-11-30
2023-02-20,1594260,1548500,1548500,1594263,8483886731,1401-12-01
2023-02-21,1661680,1624950,1624950,1659416,14426473735,1401-12-02
2023-02-22,1663170,1653510,1660060,1656593,10544745520,1401-12-03
2023-02-25,1738780,1695190,1695190,1738782,13556526072,1401-12-06
2023-02-26,1813520,1792300,1792300,1804300,22620469834,1401-12-07
2023-02-27,1818040,1792560,1798090,1809074,17713066324,1401-12-08
2023-02-28,1838160,1809880,1813990,1838119,12258402296,1401-12-09
2023-03-01,1835050,1821760,1835050,1821771,13415674157,1401-12-10
2023-03-04,1812090,1788200,1812090,1788210,9247863228,1401-12-13
2023-03-05,1799130,1790680,1790680,1795955,8490664709,1401-12-14
2023-03-06,1793070,1781020,1793070,1785670,8312693716,1401-12-15
2023-03-07,1817610,1787420,1787420,1817612,11529655452,1401-12-16
2023-03-11,1828290,1816730,1824100,1816740,11632442293,1401-12-20
2023-03-12,1810460,1783160,1810460,1783197,7661040863,1401-12-21
2023-03-13,1789170,1781620,1783610,1781632,7154751749,1401-12-22
2023-03-14,1784010,1781890,1781890,1782988,7024872831,1401-12-23
2023-03-15,1820990,1784520,1784520,1820988,10083167057,1401-12-24
2023-03-18,1906540,1830680,1830680,1905745,13169726957,1401-12-27
2023-03-19,1960460,1922240,1922240,1960457,12695663389,1401-12-28
2023-03-25,1998320,1969260,1969260,1998283,10907074155,1402-01-05
2023-03-26,2033930,2002460,2002460,2018760,13068425233,1402-01-06
2023-03-27,2029190,2010280,2016940,2029198,11111581108,1402-01-07
2023-03-28,2046900,2035460,2035460,2044408,12991497357,1402-01-08
2023-03-29,2078710,2048370,2048370,2078712,14082242366,1402-01-09
2023-04-03,2089950,2055770,2064400,2089951,15154252530,1402-01-14
2023-04-04,2134410,2100180,2100180,2119106,16001184050,1402-01-15
2023-04-05,2137460,2110770,2114070,2137465,14482016677,1402-01-16
2023-04-08,2204000,2141310,2141310,2202386,19124811173,1402-01-19
2023-04-09,2214490,2203790,2203790,2212643,18009276301,1402-01-20
2023-04-10,2229580,2190300,2220090,2190307,20559689013,1402-01-21
2023-04-11,2184470,2172960,2184470,2179922,14205955021,1402-01-22
2023-04-15,2253940,2198740,2198740,2253946,16860140773,1402-01-26
2023-04-16,2276350,2262510,2265900,2275067,19908121821,1402-01-27
2023-04-17,2289640,2269280,2274130,2289287,17965651571,1402-01-28
2023-04-18,2331480,2295830,2295830,2325437,21124438100,1402-01-29
2023-04-19,2329680,2319350,2326510,2324133,16622580129,1402-01-30
2023-04-24,2326490,2315030,2325510,2326494,13635418572,1402-02-04
2023-04-25,2378220,2335770,2335770,2368829,16914689462,1402-02-05
2023-04-26,2367950,2352200,2365810,2365287,17971185558,1402-02-06
2023-04-29,2438550,2394010,2394010,2438553,23130913276,1402-02-09
2023-04-30,2479440,2462040,2462040,2479340,19629864000,1402-02-10
2023-05-01,2488830,2471200,2488470,2480640,20087031919,1402-02-11
2023-05-02,2518330,2486940,2486940,2518332,19384690781,1402-02-12
2023-05-03,2526340,2514670,2525370,2514673,24039137894,1402-02-13
2023-05-06,2535230,2527540,2527540,2535236,24321643548,1402-02-16
2023-05-07,2548220,2440160,2548220,2440168,21689300180,1402-02-17
2023-05-08,2383450,2314400,2383450,2314408,11678938696,1402-02-18
2023-05-09,2305840,2260940,2266890,2305838,23649508737,1402-02-19
2023-05-10,2334350,2277710,2318530,2277713,17689865334,1402-02-20
2023-05-13,2268270,2211920,2268270,2214024,16539467699,1402-02-23
2023-05-14,2285900,2229440,2229440,2285904,16408472144,1402-02-24
2023-05-15,2301840,2290620,2298770,2301380,13595652757,1402-02-25
2023-05-17,2321340,2302090,2302090,2321336,11376649605,1402-02-27
2023-05-20,2328860,2297980,2327920,2297986,12428831702,1402-02-30
2023-05-21,2302760,2290740,2296520,2302706,9716889386,1402-02-31
2023-05-22,2319880,2308720,2308720,2318506,12546559013,1402-03-01
2023-05-23,2337110,2321980,2321980,2330799,11152932188,1402-03-02
2023-05-24,2352200,2345960,2348570,2345968,11003591747,1402-03-03
2023-05-27,2342460,2311220,2342460,2311222,10025347471,1402-03-06
2023-05-28,2308400,2255260,2308400,2257013,11516872891,1402-03-07
2023-05-29,2275470,2260400,2260400,2275395,8576040180,1402-03-08
2023-05-30,2289920,2278450,2278450,2288427,8574187566,1402-03-09
2023-05-31,2288550,2268880,2288550,2271042,7783879726,1402-03-10
2023-06-03,2279680,2270560,2271220,2279683,5997307952,1402-03-13
2023-06-06,2289540,2281860,2281860,2289549,7949702134,1402-03-16
2023-06-07,2291930,2288430,2290660,2288439,7839029762,1402-03-17
2023-06-10,2276750,2215050,2276750,2215058,7855900699,1402-03-20
2023-06-11,2213920,2208200,2212970,2208212,7235015237,1402-03-21
2023-06-12,2209040,2145400,2209040,2145416,9753911802,1402-03-22
2023-06-13,2155190,2145500,2145500,2155198,6685836893,1402-03-23
2023-06-14,2183800,2158890,2158890,2182107,7075034668,1402-03-24
2023-06-17,2189700,2182800,2185130,2182804,6727303147,1402-03-27
2023-06-18,2181820,2162710,2181820,2162917,7459075366,1402-03-28
2023-06-19,2168390,2162310,2162310,2164226,7705141387,1402-03-29
2023-06-20,2166940,2161110,2164170,2166947,4905142581,1402-03-30
2023-06-21,2177070,2168560,2168560,2173893,5194159667,1402-03-31
2023-06-24,2174000,2162570,2174000,2162616,6449474247,1402-04-03
2023-06-25,2190390,2169530,2169530,2189602,7456232165,1402-04-04
2023-06-26,2196700,2188210,2188380,2196128,6514672163,1402-04-05
2023-06-27,2195500,2168190,2195500,2168200,6320056850,1402-04-06
2023-06-28,2162460,2152380,2162460,2153411,5541888446,1402-04-07
2023-07-01,2153670,2143910,2152930,2143915,5033870646,1402-04-10
2023-07-02,2157730,2144380,2144380,2157377,5788832953,1402-04-11
2023-07-03,2183420,2158990,2158990,2183406,6609188812,1402-04-12
2023-07-04,2203910,2185360,2185360,2202092,6962081467,1402-04-13
2023-07-05,2205690,2202220,2202300,2202657,6117597542,1402-04-14
2023-07-08,2204320,2195130,2203470,2195133,5066894352,1402-04-17
2023-07-09,2194010,2176350,2194010,2176359,5893451415,1402-04-18
2023-07-10,2175480,2158520,2175480,2158534,5809692178,1402-04-19
2023-07-11,2158180,2128370,2158180,2128378,8521250936,1402-04-20
2023-07-12,2126100,2071400,2126100,2071404,8130618292,1402-04-21
2023-07-15,2081630,2070880,2072490,2070890,4685610938,1402-04-24
2023-07-16,2070230,2021260,2070230,2021298,5876636114,1402-04-25
2023-07-17,2018370,1955600,2018370,1956634,7784195614,1402-04-26
2023-07-18,1999760,1959190,1959190,1999759,7485396276,1402-04-27
2023-07-19,2027390,2002690,2002690,2016386,5911763876,1402-04-28
2023-07-22,2012770,1983100,2012770,1983134,4603744008,1402-04-31
2023-07-23,1983190,1976940,1981470,1976945,3638934500,1402-05-01
2023-07-24,1998450,1979910,1979910,1998459,4020002843,1402-05-02
2023-07-25,2010900,2000510,2000510,2001897,4877153274,1402-05-03
2023-07-26,2001680,1997250,2001680,2000525,4227588892,1402-05-04
2023-07-29,2002840,1996750,2000460,1996756,4087515263,1402-05-07
2023-07-30,1995620,1967660,1995620,1967668,6759262471,1402-05-08
2023-07-31,1973910,1968600,1968600,1973910,4699158214,1402-05-09
2023-08-01,1993670,1974590,1974590,1993659,4302476203,1402-05-10
2023-08-05,2033040,1996920,1996920,2033048,6028840078,1402-05-14
2023-08-06,2040040,2032920,2034180,2040012,4890816163,1402-05-15
2023-08-07,2052420,2042310,2042310,2051073,6936466699,1402-05-16
2023-08-08,2050420,2037860,2050420,2037869,4763081242,1402-05-17
2023-08-09,2042440,2036330,2039860,2036986,3960351687,1402-05-18
2023-08-12,2034620,1989630,2034620,1989640,5295548284,1402-05-21
2023-08-13,1988110,1983570,1988110,1987918,4784195666,1402-05-22
2023-08-14,1999680,1989640,1989640,1997030,3885093878,1402-05-23
2023-08-15,1996570,1978160,1996570,1978183,4669021344,1402-05-24
2023-08-16,1978940,1973590,1978750,1973597,3285775109,1402-05-25
2023-08-19,1973790,1957510,1973790,1957515,4034785932,1402-05-28
2023-08-20,1957480,1953450,1957480,1954030,3929515252,1402-05-29
2023-08-21,1958680,1954410,1954410,1956441,3407248806,1402-05-30
2023-08-22,1956200,1938220,1956200,1938248,4021779851,1402-05-31
2023-08-23,1946630,1937950,1937970,1946594,3634396441,1402-06-01
2023-08-26,1993110,1950320,1950320,1993097,5519619759,1402-06-04
2023-08-27,2051480,1996610,1996610,2051472,9554596314,1402-06-05
2023-08-28,2084840,2055150,2055150,2084168,8014092729,1402-06-06
2023-08-29,2101020,2088670,2088670,2095049,6695774108,1402-06-07
2023-08-30,2105030,2097120,2097120,2104684,7936454383,1402-06-08
2023-09-02,2110130,2103530,2106280,2105644,6351686855,1402-06-11
2023-09-03,2112110,2104760,2105510,2111649,4961866416,1402-06-12
2023-09-04,2136150,2111980,2111980,2136144,6622806537,1402-06-13
2023-09-05,2155370,2140040,2140040,2150975,6783298076,1402-06-14
2023-09-09,2150500,2129600,2150500,2129609,5675142297,1402-06-18
2023-09-10,2127810,2123030,2127810,2123629,4213931073,1402-06-19
2023-09-11,2124250,2122590,2123910,2122617,4042153489,1402-06-20
2023-09-12,2129360,2122890,2122890,2127080,4186998520,1402-06-21
2023-09-13,2130510,2126690,2127990,2126742,4134697520,1402-06-22
2023-09-17,2135990,2127350,2127350,2135784,5173246212,1402-06-26
2023-09-18,2136690,2133470,2136100,2133485,4928596342,1402-06-27
2023-09-19,2133480,2128450,2133480,2128489,4022835079,1402-06-28
2023-09-20,2128330,2121130,2128330,2121213,3840478269,1402-06-29
2023-09-23,2122080,2118340,2121730,2118347,3618702969,1402-07-01
2023-09-25,2118330,2101010,2118310,2101037,5401232504,1402-07-03
2023-09-26,2101150,2097710,2101090,2097727,3757203222,1402-07-04
2023-09-27,2099450,2097740,2098000,2097977,4326710424,1402-07-05
2023-09-30,2098960,2084530,2098790,2084535,4906028068,1402-07-08
2023-10-01,2084260,2067150,2084260,2067164,5703782258,1402-07-09
2023-10-02,2067830,2066690,2067580,2067538,4221168574,1402-07-10
2023-10-04,2070900,2068050,2068050,2069749,3616074433,1402-07-12
2023-10-07,2069700,2052860,2069700,2052864,4330004666,1402-07-15
2023-10-08,2049920,2001250,2049920,2001267,7057402028,1402-07-16
2023-10-09,2010190,2000420,2000420,2005595,4669082409,1402-07-17
2023-10-10,2014060,2006230,2006230,2014067,3389907995,1402-07-18
2023-10-11,2020460,2014870,2014870,2019713,3318383709,1402-07-19
2023-10-14,2019410,2001420,2019410,2001463,4471763189,1402-07-22
2023-10-15,2002900,2001250,2001310,2001943,3695325391,1402-07-23
2023-10-16,2018190,2002450,2002450,2018166,4054702910,1402-07-24
2023-10-17,2031240,2022150,2022150,2031245,4103661201,1402-07-25
2023-10-18,2029680,2023520,2029680,2023544,5009923324,1402-07-26
2023-10-21,2026450,2023540,2023540,2024973,3221150311,1402-07-29
2023-10-22,2033260,2026710,2026710,2032212,3581350417,1402-07-30
2023-10-23,2030880,2021890,2030880,2021904,4100281974,1402-08-01
2023-10-24,2021880,2000170,2021880,2000347,4242217315,1402-08-02
2023-10-25,2002110,1999700,1999930,2002075,3914838095,1402-08-03
2023-10-28,1994970,1951210,1994970,1951217,6641177973,1402-08-06
2023-10-29,1961310,1950310,1950310,1961311,4060283054,1402-08-07
2023-10-30,1981570,1962240,1962240,1981414,4046970679,1402-08-08
2023-10-31,1985250,1981200,1981900,1981205,3783263794,1402-08-09
2023-11-01,1979780,1967730,1979780,1970520,4538670855,1402-08-10
2023-11-04,1999200,1975900,1975900,1999208,4956578016,1402-08-13
2023-11-05,2016740,2000250,2000250,2016735,4705107827,1402-08-14
2023-11-06,2030870,2017290,2017290,2030872,4843982685,1402-08-15
2023-11-07,2052690,2031820,2031820,2052696,7572465211,1402-08-16
2023-11-08,2056040,2053920,2053920,2055945,4501567800,1402-08-17
2023-11-11,2058760,2054300,2056160,2054483,4553436896,1402-08-20
2023-11-12,2054640,2052560,2054500,2053633,4494006841,1402-08-21
2023-11-13,2058330,2054060,2054060,2055960,4689052339,1402-08-22
2023-11-14,2055840,2046060,2055840,2046067,4151709828,1402-08-23
2023-11-15,2045780,2038870,2045710,2038883,4124806884,1402-08-24
2023-11-18,2038810,2028560,2038810,2028579,3697269904,1402-08-27
2023-11-19,2031130,2026230,2028820,2026242,3894273167,1402-08-28
2023-11-20,2026250,2017910,2026250,2018008,3941809771,1402-08-29
2023-11-21,2020150,2018010,2018220,2020154,3760732857,1402-08-30
2023-11-22,2023970,2020700,2020700,2022332,4067774577,1402-09-01
2023-11-25,2023330,2019980,2022950,2019988,3942414609,1402-09-04
2023-11-26,2024470,2020990,2020990,2024448,4681535057,1402-09-05
2023-11-27,2027860,2025370,2025370,2026075,4196084294,1402-09-06
2023-11-28,2031900,2026220,2026470,2031880,4365928914,1402-09-07
2023-11-29,2060370,2034320,2034320,2060345,6701033484,1402-09-08
2023-12-02,2088070,2064230,2064230,2087696,6983363375,1402-09-11
2023-12-03,2121190,2087850,2088220,2121199,10104970668,1402-09-12
2023-12-04,2165460,2142270,2142270,2165228,9624103285,1402-09-13
2023-12-05,2177240,2165190,2165190,2176504,8816588999,1402-09-14
2023-12-06,2177470,2171020,2177470,2171023,5585574048,1402-09-15
2023-12-09,2171490,2160960,2171230,2160965,5637847919,1402-09-18
2023-12-10,2161420,2159410,2160960,2161074,4816670431,1402-09-19
2023-12-11,2165680,2161630,2161630,2162560,5257000893,1402-09-20
2023-12-12,2164380,2161240,2163400,2161267,5862611257,1402-09-21
2023-12-13,2161610,2158080,2161610,2158088,4607520016,1402-09-22
2023-12-16,2171820,2158840,2158840,2171823,4859395624,1402-09-25
2023-12-18,2207650,2173520,2173520,2207653,8049806556,1402-09-27
2023-12-19,2215610,2207120,2207170,2211856,6938044551,1402-09-28
2023-12-20,2213900,2210210,2211110,2210217,5541604184,1402-09-29
2023-12-23,2210700,2208330,2209960,2208343,5069584528,1402-10-02
2023-12-24,2208590,2200100,2208590,2200110,5198315936,1402-10-03
2023-12-25,2200100,2194490,2200100,2194500,5585591364,1402-10-04
2023-12-26,2193620,2178750,2193620,2178752,5647004152,1402-10-05
2023-12-27,2179310,2177410,2178990,2177410,4179593089,1402-10-06
2023-12-30,2184180,2178610,2178610,2182718,5088271345,1402-10-09
2023-12-31,2182820,2176090,2182820,2176102,4461490642,1402-10-10
2024-01-01,2176380,2168320,2176380,2168327,4278116549,1402-10-11
2024-01-02,2168290,2158760,2168290,2158766,3682531727,1402-10-12
2024-01-03,2159180,2155080,2158980,2155235,4155159966,1402-10-13
2024-01-06,2155290,2151950,2155290,2153719,4675422836,1402-10-16
2024-01-07,2156920,2154320,2154320,2154776,3970262910,1402-10-17
2024-01-08,2156550,2153950,2154710,2153956,4031781416,1402-10-18
2024-01-09,2156880,2153480,2154130,2156372,4393661773,1402-10-19
2024-01-10,2170960,2157090,2157090,2170964,5022813105,1402-10-20
2024-01-13,2180930,2170920,2170980,2180524,5698262104,1402-10-23
2024-01-14,2197290,2181210,2181210,2197290,5799903260,1402-10-24
2024-01-15,2198210,2194990,2197910,2194999,5150701140,1402-10-25
2024-01-16,2193820,2186960,2193820,2186970,5017616885,1402-10-26
2024-01-17,2189100,2185970,2187080,2185977,4002936252,1402-10-27
2024-01-20,2188210,2166920,2186910,2166928,6512157758,1402-10-30
2024-01-21,2163860,2153200,2163860,2153212,5175205916,1402-11-01
2024-01-22,2156260,2146540,2153720,2146563,5351529846,1402-11-02
2024-01-23,2146190,2120030,2146190,2120049,5662218260,1402-11-03
2024-01-24,2124430,2120150,2120150,2123491,3185654853,1402-11-04
2024-01-27,2128090,2124130,2124130,2126831,3859048722,1402-11-07
2024-01-28,2128200,2127350,2127370,2128028,5435468343,1402-11-08
2024-01-29,2127620,2120090,2127620,2120268,5111303655,1402-11-09
2024-01-30,2120290,2110330,2120290,2110339,5140666752,1402-11-10
2024-01-31,2110320,2105840,2110320,2107273,4390338400,1402-11-11
2024-02-03,2114230,2107410,2107410,2111083,4139314237,1402-11-14
2024-02-04,2111530,2100170,2111530,2100174,4481901627,1402-11-15
2024-02-05,2100440,2098310,2100220,2098472,3639288895,1402-11-16
2024-02-06,2099440,2097240,2098760,2097247,3243116986,1402-11-17
2024-02-07,2098120,2097050,2097540,2098022,3895508763,1402-11-18
2024-02-10,2100860,2098460,2098460,2100104,3556575082,1402-11-21
2024-02-12,2100190,2091890,2100190,2091898,3823501496,1402-11-23
2024-02-13,2094560,2090290,2093450,2090309,4351842684,1402-11-24
2024-02-14,2089580,2078520,2089580,2078546,4445758808,1402-11-25
2024-02-17,2078730,2060010,2078730,2060020,4314238795,1402-11-28
2024-02-18,2064750,2059550,2059990,2064526,3336696847,1402-11-29
2024-02-19,2071160,2065010,2065010,2070775,3579752695,1402-11-30
2024-02-20,2071520,2070760,2070880,2071418,3417413470,1402-12-01
2024-02-21,2072240,2070720,2071680,2070816,3410398791,1402-12-02
2024-02-24,2071560,2065960,2071430,2066111,3923570334,1402-12-05
2024-02-26,2066160,2049410,2066160,2049784,4131469110,1402-12-07
2024-02-27,2049760,2045620,2049760,2046017,3509086555,1402-12-08
2024-02-28,2055580,2046940,2046940,2054827,3665297688,1402-12-09
2024-03-02,2086790,2055600,2055600,2086542,7096675456,1402-12-12
2024-03-03,2148080,2097550,2097550,2147089,7925449041,1402-12-13
2024-03-04,2150820,2140160,2149100,2140165,8558273664,1402-12-14
2024-03-05,2172810,2140540,2140540,2172228,7471522933,1402-12-15
2024-03-06,2173790,2165730,2172820,2165753,5039972395,1402-12-16
2024-03-09,2170030,2163750,2167260,2163750,5625481766,1402-12-19
2024-03-10,2163960,2160220,2163960,2160225,4823010455,1402-12-20
2024-03-11,2162670,2159540,2159900,2161564,7822526561,1402-12-21
2024-03-12,2169390,2163470,2163490,2163479,6983645029,1402-12-22
2024-03-13,2164000,2150020,2164000,2150035,5442080330,1402-12-23
2024-03-16,2156180,2148480,2153120,2148494,5046800785,1402-12-26
2024-03-17,2160480,2149420,2149420,2160406,4794783735,1402-12-27
2024-03-18,2195090,2161140,2161140,2195092,4535816462,1402-12-28
2024-03-24,2236360,2198580,2198580,2236348,5468391958,1403-01-05
2024-03-25,2254680,2240760,2240760,2253603,6784414300,1403-01-06
2024-03-26,2253540,2248820,2253540,2249427,4918204166,1403-01-07
2024-03-27,2261390,2250280,2250280,2261386,12191289432,1403-01-08
2024-03-30,2261580,2259460,2261580,2261172,8267227254,1403-01-11
2024-04-02,2251960,2238680,2251960,2245265,8219423555,1403-01-14
2024-04-03,2255600,2245890,2245890,2250908,5972408940,1403-01-15
2024-04-06,2254690,2230990,2251690,2231023,10452364442,1403-01-18
2024-04-07,2236790,2233990,2234320,2234926,7511790404,1403-01-19
2024-04-08,2254850,2237170,2237170,2254853,5079941728,1403-01-20
2024-04-09,2261900,2254840,2255200,2261899,6234367269,1403-01-21
2024-04-13,2256370,2207960,2256370,2207970,9138873203,1403-01-25
2024-04-14,2204120,2196770,2204120,2196790,1775868929,1403-01-26
2024-04-15,2206900,2198980,2198980,2206908,4885806155,1403-01-27
2024-04-16,2207350,2201170,2207350,2201982,5764378395,1403-01-28
2024-04-17,2208750,2203040,2203040,2208215,3778480179,1403-01-29
2024-04-20,2285850,2235520,2235520,2285844,9148607488,1403-02-01
2024-04-21,2316130,2302420,2302420,2312818,7707206576,1403-02-02
2024-04-22,2318550,2310720,2312280,2316803,6387545539,1403-02-03
2024-04-23,2316750,2303370,2316750,2303378,7268665115,1403-02-04
2024-04-24,2307550,2303850,2303850,2304326,6257889937,1403-02-05
2024-04-27,2312660,2304970,2307190,2304979,5810601195,1403-02-08
2024-04-28,2304600,2284830,2304600,2284834,4766587563,1403-02-09
2024-04-29,2288020,2281040,2285420,2281072,4809785721,1403-02-10
2024-04-30,2281640,2268820,2281640,2268826,4504367165,1403-02-11
2024-05-01,2268770,2264670,2268560,2264894,4284945247,1403-02-12
2024-05-05,2266320,2259710,2265340,2259745,4619015638,1403-02-16
2024-05-06,2259190,2239090,2259190,2239098,4528393041,1403-02-17
2024-05-07,2239520,2231410,2239220,2231424,4304794535,1403-02-18
2024-05-08,2231350,2219090,2231350,2219093,4278468411,1403-02-19
2024-05-11,2219590,2208240,2219350,2208285,4454471109,1403-02-22
2024-05-12,2208710,2193170,2208610,2193172,5232194516,1403-02-23
2024-05-13,2193080,2160770,2193080,2161423,5824837956,1403-02-24
2024-05-14,2173840,2162210,2162210,2165574,4253317392,1403-02-25
2024-05-15,2166380,2159160,2165990,2164692,4125186697,1403-02-26
2024-05-18,2174950,2166800,2166800,2168676,4410308923,1403-02-29
2024-05-19,2166180,2106430,2166180,2112560,5689636315,1403-02-30
2024-05-20,2112560,2112560,0,2112560,0,1403-02-31
2024-05-21,2115230,2112110,2112160,2114144,3205802104,1403-03-01
2024-05-25,2114000,2097170,2114000,2098482,3884261828,1403-03-05
2024-05-26,2097240,2077740,2097240,2079063,2615378619,1403-03-06
2024-05-27,2076280,2056550,2076280,2058132,4151787141,1403-03-07
2024-05-28,2069880,2057000,2057000,2069876,3880557538,1403-03-08
2024-05-29,2086080,2072570,2072570,2086080,2394278784,1403-03-09
2024-06-01,2097230,2088950,2088950,2094082,5052612526,1403-03-12
2024-06-02,2094220,2086790,2094220,2087686,3296151709,1403-03-13
2024-06-05,2088770,2081520,2087820,2082119,3698165159,1403-03-16
2024-06-08,2081010,2063570,2081010,2064390,3240571910,1403-03-19
2024-06-09,2062970,2058140,2062970,2061897,3913161130,1403-03-20
2024-06-10,2078090,2063480,2063480,2078091,4061647465,1403-03-21
2024-06-11,2083970,2081010,2081010,2081297,5489697171,1403-03-22
2024-06-12,2081540,2074570,2081540,2075720,4550234082,1403-03-23
2024-06-15,2075640,2061470,2075640,2061672,3737580482,1403-03-26
2024-06-16,2060580,2045090,2060580,2045318,3981848335,1403-03-27
2024-06-18,2044130,2035960,2044130,2036365,2816029539,1403-03-29
2024-06-19,2044330,2036140,2036140,2043980,3343960949,1403-03-30
2024-06-22,2047950,2044890,2044890,2047652,3634635152,1403-04-02
2024-06-23,2052090,2048100,2048100,2051148,3561307990,1403-04-03
2024-06-24,2065270,2052370,2052370,2065118,3516293284,1403-04-04
2024-06-26,2085220,2069390,2069390,2085131,3355810990,1403-04-06
2024-06-29,2097360,2089440,2089440,2096024,4432679210,1403-04-09
2024-06-30,2094500,2072870,2094500,2072938,5690543699,1403-04-10
2024-07-01,2075140,2072510,2073080,2075095,3370120347,1403-04-11
2024-07-02,2090430,2076100,2076100,2090301,3526797268,1403-04-12
2024-07-03,2100670,2091910,2091910,2100670,4631023139,1403-04-13
2024-07-06,2188860,2118850,2118850,2188812,3901992618,1403-04-16
2024-07-07,2229980,2224370,2228600,2226443,10461641942,1403-04-17
2024-07-08,2226520,2220970,2226520,2221299,6141944690,1403-04-18
2024-07-09,2221950,2217010,2221730,2217017,4466958834,1403-04-19
2024-07-10,2217320,2209200,2217320,2209340,4971210331,1403-04-20
2024-07-13,2209620,2200230,2209620,2200257,3571168506,1403-04-23
2024-07-14,2204590,2201120,2201200,2201134,3718637904,1403-04-24
2024-07-17,2203340,2201490,2201490,2202679,2591332007,1403-04-27
2024-07-20,2202730,2192410,2202730,2192414,3046187938,1403-04-30
2024-07-21,2191800,2172190,2191800,2172192,2858567048,1403-04-31
2024-07-22,2172200,2167990,2171810,2169011,3079234950,1403-05-01
2024-07-23,2179900,2171280,2171280,2177962,3165545726,1403-05-02
2024-07-24,2181600,2175310,2178500,2175315,3243605176,1403-05-03
2024-07-27,2175350,2160970,2175350,2160974,3424460817,1403-05-06
2024-07-29,2161000,2131740,2161000,2131749,4687479998,1403-05-08
2024-07-30,2131600,2120420,2131600,2120429,4030320343,1403-05-09
2024-07-31,2100180,2067950,2100180,2068372,8813453247,1403-05-10
2024-08-03,2064540,2006660,2064540,2006666,7685608784,1403-05-13
2024-08-04,2005600,2002910,2005070,2005608,3138778072,1403-05-14
2024-08-05,2006250,2004380,2005710,2004512,3955773601,1403-05-15
2024-08-06,2005240,2002580,2004640,2002614,2955654351,1403-05-16
2024-08-07,2002610,2002610,0,2002614,0,1403-05-17
2024-08-10,2005270,2002770,2002770,2003842,2927834486,1403-05-20
2024-08-11,2005330,2003360,2004260,2003376,2392541141,1403-05-21
2024-08-12,2003550,1998650,2003540,1998653,2553116442,1403-05-22
2024-08-13,1997850,1991080,1997850,1991085,2258838024,1403-05-23
2024-08-14,1998110,1991840,1991840,1998119,2816964598,1403-05-24
2024-08-17,2012350,2000930,2000930,2012358,2587293789,1403-05-27
2024-08-18,2030550,2018000,2018000,2030558,2728985742,1403-05-28
2024-08-19,2040290,2036680,2036680,2038043,4979486899,1403-05-29
2024-08-20,2038040,2032550,2038040,2032554,3161561791,1403-05-30
2024-08-21,2037200,2032900,2032900,2037207,3170652686,1403-05-31
2024-08-24,2052470,2038520,2038520,2052292,2855915247,1403-06-03
2024-08-26,2063280,2054940,2054940,2063266,4132664969,1403-06-05
2024-08-27,2068020,2064100,2064120,2068026,3713922165,1403-06-06
2024-08-28,2076270,2069450,2069450,2076250,3578975090,1403-06-07
2024-08-31,2098630,2080310,2080310,2098637,3062967267,1403-06-10
2024-09-01,2110510,2104280,2104280,2110505,6758223869,1403-06-11
2024-09-03,2111100,2109040,2111100,2109294,4851907205,1403-06-13
2024-09-07,2110510,2101620,2110430,2101629,4339395931,1403-06-17
2024-09-08,2100900,2087560,2100900,2088088,5778888199,1403-06-18
2024-09-09,2097520,2088750,2088750,2095934,5214803354,1403-06-19
2024-09-10,2096470,2088290,2096470,2088298,4209638610,1403-06-20
2024-09-11,2088680,2084120,2088580,2084593,5470963719,1403-06-21
2024-09-14,2085760,2075460,2085760,2075473,5862976425,1403-06-24
2024-09-15,2074610,2065500,2074610,2065549,4806378371,1403-06-25
2024-09-16,2069020,2065280,2065600,2067566,4521444077,1403-06-26
2024-09-17,2084150,2068060,2068060,2084152,6098435522,1403-06-27
2024-09-18,2097070,2085710,2085710,2097004,5397632839,1403-06-28
2024-09-22,2101080,2097910,2097910,2098898,6122792973,1403-07-01
2024-09-23,2116530,2099360,2099360,2116538,7040948940,1403-07-02
2024-09-24,2152660,2120130,2120130,2152661,9381716775,1403-07-03
2024-09-25,2159100,2155020,2156270,2155023,8637137318,1403-07-04
2024-09-28,2153160,2146840,2153160,2146848,3689055030,1403-07-07
2024-09-29,2143880,2137970,2143880,2137972,6190572182,1403-07-08
2024-09-30,2136970,2131570,2136970,2131706,4534013077,1403-07-09
2024-10-01,2130130,2123480,2130130,2123596,2927984783,1403-07-10
2024-10-02,2120170,2114880,2120170,2114919,3283673558,1403-07-11
2024-10-05,2112580,2106790,2112580,2106796,1523955897,1403-07-14
2024-10-06,2103760,2101750,2103760,2101758,791200360,1403-07-15
2024-10-07,2096820,2093870,2096820,2093950,4069258887,1403-07-16
2024-10-08,2097380,2093770,2093770,2097382,4352637662,1403-07-17
2024-10-09,2099830,2097410,2097410,2099697,2720636766,1403-07-18
2024-10-12,2114210,2099000,2099000,2113868,7925980583,1403-07-21
2024-10-13,2120880,2113480,2116570,2114708,7009351572,1403-07-22
2024-10-14,2114200,2089930,2114200,2090794,4186537997,1403-07-23
2024-10-15,2086700,2069060,2086700,2069262,3310461549,1403-07-24
2024-10-16,2069370,2065740,2067320,2065760,5738919684,1403-07-25
2024-10-19,2064770,2041080,2064770,2041082,3354327053,1403-07-28
2024-10-20,2037950,2021110,2037950,2021117,2290223526,1403-07-29
2024-10-21,2017820,2007260,2017820,2007264,5406256884,1403-07-30
2024-10-22,2006990,1993730,2006130,1993731,4985710736,1403-08-01
2024-10-23,1991860,1970880,1991860,1970900,4058890351,1403-08-02
2024-10-26,1995270,1973480,1973480,1995222,4811232320,1403-08-05
2024-10-27,2025950,1997920,1997920,2025952,3706079385,1403-08-06
2024-10-28,2051590,2032280,2032280,2051597,8695538025,1403-08-07
2024-10-29,2061440,2051430,2057230,2051669,7017623401,1403-08-08
2024-10-30,2056220,2043710,2049850,2056223,7791744058,1403-08-09
2024-11-02,2068970,2058220,2058220,2061293,6851592214,1403-08-12
2024-11-03,2054890,2032760,2054890,2032765,3330193335,1403-08-13
2024-11-04,2027180,2017570,2027180,2017970,6168563027,1403-08-14
2024-11-05,2025060,2019680,2019680,2024994,4003620262,1403-08-15
2024-11-06,2023490,2008300,2023490,2017877,6785140932,1403-08-16
2024-11-09,2054150,2022100,2022100,2054156,3909486633,1403-08-19
2024-11-10,2089430,2058310,2058310,2089418,3830493751,1403-08-20
2024-11-11,2126900,2105510,2105510,2126286,12792905643,1403-08-21
2024-11-12,2136900,2127080,2127080,2133608,9792706699,1403-08-22
2024-11-13,2146970,2134920,2134920,2146969,7453967924,1403-08-23
2024-11-16,2192460,2158540,2158540,2192460,6819551673,1403-08-26
2024-11-17,2216200,2210300,2210300,2211821,13975280872,1403-08-27
2024-11-18,2255450,2214550,2214550,2255452,10195528428,1403-08-28
2024-11-19,2278550,2263270,2263270,2269704,16897860631,1403-08-29
2024-11-20,2264550,2252830,2264550,2257614,12115128082,1403-08-30
2024-11-23,2282050,2260730,2260730,2282059,11156441694,1403-09-03
2024-11-24,2331200,2289410,2289410,2331195,10677209196,1403-09-04
2024-11-25,2389120,2350050,2350050,2389125,9719248856,1403-09-05
2024-11-26,2433560,2414970,2418360,2414977,25122096167,1403-09-06
2024-11-27,2426150,2413660,2413660,2426156,15976257581,1403-09-07
2024-11-30,2444030,2414960,2431890,2414969,17733251072,1403-09-10
2024-12-01,2406970,2399440,2406970,2399450,13615824649,1403-09-11
2024-12-02,2460400,2417550,2417550,2460408,9393307162,1403-09-12
2024-12-03,2496680,2487580,2487580,2489360,22036256551,1403-09-13
2024-12-04,2502310,2487750,2488160,2501761,17426723108,1403-09-14
2024-12-07,2503340,2468750,2503340,2468757,21596682170,1403-09-17
2024-12-08,2460660,2443650,2460660,2452727,17080611257,1403-09-18
2024-12-09,2506920,2465320,2465320,2506917,13947136864,1403-09-19
2024-12-10,2530360,2518870,2522260,2518875,23022193398,1403-09-20
2024-12-11,2543270,2517040,2519330,2543265,17131987328,1403-09-21
2024-12-14,2601420,2559860,2559860,2601422,9021147309,1403-09-24
2024-12-15,2653560,2622360,2622360,2653418,22188826816,1403-09-25
2024-12-16,2689750,2673990,2673990,2686353,30476613660,1403-09-26
2024-12-17,2700040,2673980,2683450,2673987,19956798122,1403-09-27
2024-12-18,2680490,2650160,2658530,2680489,20106574949,1403-09-28
2024-12-21,2738850,2700940,2700940,2738853,10734205375,1403-10-01
2024-12-22,2765120,2757580,2759940,2763640,20245624669,1403-10-02
2024-12-23,2799260,2770950,2770950,2799237,15316796344,1403-10-03
2024-12-24,2848680,2825410,2825410,2847168,19850109958,1403-10-04
2024-12-25,2871710,2848890,2868800,2848894,27768859923,1403-10-05
2024-12-28,2852990,2827410,2852990,2827419,21028662304,1403-10-08
2024-12-29,2808000,2777650,2808000,2777734,16292731798,1403-10-09
2024-12-30,2753190,2734640,2753190,2734841,20511918732,1403-10-10
2024-12-31,2760410,2738870,2738870,2759422,18708069245,1403-10-11
2025-01-01,2788210,2771920,2771920,2788210,12416030224,1403-10-12
2025-01-04,2849940,2803630,2803630,2849940,14223377953,1403-10-15
2025-01-05,2875960,2864960,2869790,2868373,16229520173,1403-10-16
2025-01-06,2872250,2852160,2863590,2872258,13374770340,1403-10-17
2025-01-07,2922160,2880050,2880050,2922163,14252076713,1403-10-18
2025-01-08,2951110,2931760,2931760,2944637,14325063018,1403-10-19
2025-01-11,2947760,2910990,2947760,2910999,18693903140,1403-10-22
2025-01-12,2892320,2857300,2892320,2857309,13876782831,1403-10-23
2025-01-13,2866860,2852560,2852560,2866654,12419553316,1403-10-24
2025-01-15,2886410,2866220,2875110,2866222,10605046199,1403-10-26
2025-01-18,2861520,2815640,2861520,2815641,9155653208,1403-10-29
2025-01-19,2809730,2800950,2808010,2800954,11790678787,1403-10-30
2025-01-20,2805570,2758910,2802250,2758911,11896139902,1403-11-01
2025-01-21,2761010,2742170,2759000,2761006,10547300502,1403-11-02
2025-01-22,2814320,2777730,2777730,2814327,8231474313,1403-11-03
2025-01-25,2840940,2828000,2828000,2840308,9635088169,1403-11-06
2025-01-26,2847110,2821060,2843510,2821066,9791607332,1403-11-07
2025-01-27,2818910,2803290,2818910,2807606,10492387687,1403-11-08
2025-01-29,2815370,2801430,2814780,2801435,6306155131,1403-11-10
2025-02-01,2801370,2759950,2801370,2764116,8866046520,1403-11-13
2025-02-02,2777270,2768830,2768830,2776834,6937608820,1403-11-14
2025-02-03,2783990,2778110,2778110,2780489,6325050475,1403-11-15
2025-02-04,2806140,2783500,2783500,2804219,6824953735,1403-11-16
2025-02-05,2804030,2790150,2803750,2804035,8237182818,1403-11-17
2025-02-08,2804030,2804030,0,2804035,0,1403-11-20
2025-02-09,2832890,2807370,2807370,2821666,14003656229,1403-11-21
2025-02-11,2826130,2784340,2822910,2784344,12044170147,1403-11-23
2025-02-15,2767820,2726520,2767820,2726572,7718248811,1403-11-27
2025-02-16,2704180,2678630,2704180,2678885,9244023316,1403-11-28
2025-02-17,2704070,2685640,2685640,2701041,9940971340,1403-11-29
2025-02-18,2720510,2703890,2703890,2719339,7379927695,1403-11-30
2025-02-19,2732220,2722790,2722790,2732228,6111662319,1403-12-01
2025-02-22,2735590,2714120,2735590,2714122,7684284034,1403-12-04
2025-02-23,2735820,2718420,2718420,2735822,5512114877,1403-12-05
2025-02-24,2792680,2747580,2747580,2792687,6152067718,1403-12-06
2025-02-25,2843870,2817100,2817100,2840956,11570051043,1403-12-07
2025-02-26,2844670,2830770,2841820,2843968,11846106245,1403-12-08
2025-03-01,2862590,2844040,2845510,2854315,9644140169,1403-12-11
2025-03-02,2875900,2855270,2855270,2870948,10129272727,1403-12-12
2025-03-03,2836620,2813440,2836620,2813448,11983788813,1403-12-13
2025-03-04,2828040,2805340,2817590,2805344,11745799864,1403-12-14
2025-03-05,2800610,2783390,2800610,2789970,9790360235,1403-12-15
2025-03-08,2791840,2754410,2791840,2756970,11068360991,1403-12-18
2025-03-09,2745930,2720720,2745930,2722174,9835783071,1403-12-19
2025-03-10,2740800,2724770,2727120,2724772,8526390969,1403-12-20
2025-03-11,2723230,2688500,2723200,2688504,5875110779,1403-12-21
2025-03-12,2695130,2678170,2683170,2694661,8744360363,1403-12-22
2025-03-15,2737420,2712330,2712330,2737429,8391066781,1403-12-25
2025-03-16,2755040,2747960,2747970,2753661,11254347538,1403-12-26
2025-03-17,2751160,2743900,2750000,2744089,7050200880,1403-12-27
2025-03-18,2724710,2708410,2724710,2710088,11703142410,1403-12-28
2025-03-25,2740710,2715380,2715380,2740716,6438618060,1404-01-05
2025-03-26,2768110,2752730,2752730,2766290,7689096288,1404-01-06
2025-03-29,2778210,2764860,2768670,2778042,13159605890,1404-01-09
2025-03-30,2810700,2782700,2782700,2810707,9942450318,1404-01-10
2025-04-05,2802360,2794010,2802360,2795326,13690833038,1404-01-16
2025-04-06,2790320,2773820,2790320,2773821,20197799727,1404-01-17
2025-04-07,2769050,2746680,2769050,2746857,17724873303,1404-01-18
2025-04-08,2806100,2768910,2768910,2806103,11249219404,1404-01-19
2025-04-09,2843400,2830530,2839140,2830539,19121896035,1404-01-20
2025-04-12,2847420,2837480,2837480,2845767,14753420140,1404-01-23
2025-04-13,2908640,2871540,2871540,2908648,15873021627,1404-01-24
2025-04-14,2971210,2933120,2933120,2971211,18345655327,1404-01-25
2025-04-15,2976650,2943600,2976650,2943603,39601469185,1404-01-26
2025-04-16,2967520,2945470,2945470,2966905,21975759150,1404-01-27
2025-04-19,3012860,2979620,2979620,3012867,19499724808,1404-01-30
2025-04-20,3077920,3029940,3029940,3077924,18076786604,1404-01-31
2025-04-21,3142770,3099200,3099200,3137328,49170963528,1404-02-01
2025-04-22,3132630,3116240,3123750,3132631,98465686038,1404-02-02
2025-04-23,3136730,3122810,3125290,3136734,64946215376,1404-02-03
2025-04-26,3161450,3149240,3155800,3151912,55482881269,1404-02-06
2025-04-27,3123890,3101910,3123890,3117242,52064515030,1404-02-07
2025-04-28,3147210,3129570,3133680,3129578,42163141136,1404-02-08
2025-04-29,3137680,3121670,3126940,3136306,36020782128,1404-02-09
2025-04-30,3178640,3147490,3147490,3178643,29885341678,1404-02-10
2025-05-03,3138890,3116790,3138890,3116798,39538759567,1404-02-13
2025-05-04,3092790,3084560,3089260,3092798,38011652222,1404-02-14
2025-05-05,3122720,3097600,3107340,3097609,32927814115,1404-02-15
2025-05-06,3111030,3091510,3105730,3110820,33399658256,1404-02-16
2025-05-07,3173070,3136060,3136060,3169504,79556534606,1404-02-17
2025-05-10,3150110,3115500,3150110,3115508,40869087977,1404-02-20
2025-05-11,3111250,3091070,3111250,3091086,32945963510,1404-02-21
2025-05-12,3170890,3118920,3118920,3170889,25791399507,1404-02-22
2025-05-13,3206920,3194470,3194470,3206845,37707671692,1404-02-23
2025-05-14,3236940,3214170,3216490,3236943,43206041986,1404-02-24
2025-05-17,3259430,3241270,3247710,3241273,47715158546,1404-02-27
2025-05-18,3252210,3244670,3244670,3252219,30534528787,1404-02-28
2025-05-19,3252830,3225560,3252830,3225562,38416890861,1404-02-29
2025-05-20,3214640,3166980,3214640,3166989,32390154867,1404-02-30
2025-05-21,3136880,3107010,3136880,3108119,34833382489,1404-02-31
2025-05-24,3138570,3120930,3120930,3134383,19896899652,1404-03-03
2025-05-25,3136470,3102000,3136470,3102013,15387917912,1404-03-04
2025-05-26,3116570,3103740,3112670,3109351,23360846048,1404-03-05
2025-05-27,3134430,3119240,3119240,3134260,19860371312,1404-03-06
2025-05-28,3136820,3129400,3135870,3129403,22106726306,1404-03-07
2025-05-31,3151030,3137940,3137940,3143363,21827094239,1404-03-10
2025-06-01,3139360,3106990,3139360,3106995,23414216626,1404-03-11
2025-06-02,3125920,3110690,3110690,3125267,16889041738,1404-03-12
2025-06-03,3123920,3101950,3123920,3101955,17711141329,1404-03-13
2025-06-07,3087130,3041650,3087130,3041654,20899827061,1404-03-17
2025-06-08,3037240,3029410,3037240,3035752,15722319273,1404-03-18
2025-06-09,3036370,2989570,3036370,2989579,15431103384,1404-03-19
2025-06-10,2993790,2984760,2990690,2988256,15830222799,1404-03-20
2025-06-11,2993770,2984600,2989870,2984605,8833316071,1404-03-21
2025-06-15,2984600,2984600,0,2984605,0,1404-03-25
2025-06-16,2984600,2984600,0,2984605,0,1404-03-26
2025-06-18,2984600,2984600,0,2984605,0,1404-03-28
2025-06-21,2984600,2984600,0,2984605,0,1404-03-31
2025-06-22,2984600,2984600,0,2984605,0,1404-04-01
2025-06-23,2984600,2984600,0,2984605,0,1404-04-02
2025-06-24,2984600,2984600,0,2984605,0,1404-04-03
2025-06-25,2984600,2984600,0,2984605,0,1404-04-04
2025-06-28,2978430,2922050,2978430,2922629,6026363235,1404-04-07
2025-06-29,2914490,2844730,2914490,2844743,12724623037,1404-04-08
2025-06-30,2832750,2788380,2832750,2789094,40567141722,1404-04-09
2025-07-01,2771000,2731680,2771000,2731754,54566794679,1404-04-10
2025-07-02,2689640,2673090,2673090,2689643,62410072097,1404-04-11
2025-07-07,2722720,2705420,2705420,2709505,18712279297,1404-04-16
2025-07-08,2710090,2658230,2710090,2658238,9223322951,1404-04-17
2025-07-09,2643530,2634980,2643490,2637551,11944829336,1404-04-18
2025-07-12,2677660,2653070,2653070,2677658,15255308787,1404-04-21
2025-07-13,2707720,2688360,2688360,2707705,16921346186,1404-04-22
2025-07-14,2734260,2712900,2712900,2734260,14423979737,1404-04-23
2025-07-15,2761510,2742800,2742800,2761497,17295610463,1404-04-24
2025-07-16,2785690,2763840,2763840,2785693,10895922572,1404-04-25
2025-07-19,2801540,2789810,2789810,2801515,12743274018,1404-04-28
2025-07-20,2824310,2809380,2809380,2824277,16623698232,1404-04-29
2025-07-21,2839470,2826560,2826560,2838895,4948662102,1404-04-30
2025-07-22,2846620,2841990,2841990,2843904,9723023315,1404-04-31
2025-07-23,2843170,2835700,2843170,2836980,12211459572,1404-05-01
2025-07-26,2838560,2825120,2838320,2825158,11367461737,1404-05-04
2025-07-27,2822250,2811280,2822250,2811282,11335993583,1404-05-05
2025-07-28,2806640,2768500,2806640,2768848,6737813797,1404-05-06
2025-07-29,2758190,2733880,2758190,2733890,4824664296,1404-05-07
2025-07-30,2723650,2681850,2723650,2681858,10510898838,1404-05-08
2025-08-02,2676050,2655170,2676050,2655177,38308733244,1404-05-11
2025-08-03,2655140,2639310,2653630,2639421,21483617371,1404-05-12
2025-08-04,2637320,2622950,2637320,2624673,16788419321,1404-05-13
2025-08-05,2624760,2589420,2624660,2589428,18517617200,1404-05-14
2025-08-06,2586070,2554780,2586070,2554877,14504397156,1404-05-15
2025-08-09,2575380,2558830,2558830,2571052,12239562263,1404-05-18
2025-08-10,2574300,2562070,2573600,2562314,13158770500,1404-05-19
2025-08-11,2561670,2540460,2561670,2540766,10108373417,1404-05-20
2025-08-12,2538560,2510090,2538560,2510160,12521287197,1404-05-21
2025-08-13,2503710,2466970,2503710,2466979,6036318534,1404-05-22
2025-08-16,2459040,2447700,2459040,2454394,13672908251,1404-05-25
2025-08-17,2500130,2456610,2456610,2500129,5893740350,1404-05-26
2025-08-18,2524090,2513420,2515360,2513420,10536026209,1404-05-27
2025-08-19,2511540,2494110,2511540,2494135,9700386170,1404-05-28
2025-08-20,2493020,2475200,2493020,2475213,11014052352,1404-05-29
2025-08-23,2475010,2470950,2475010,2470969,8465847686,1404-06-01
2025-08-25,2470760,2438030,2470760,2438039,7847050113,1404-06-03
2025-08-26,2430600,2415930,2430600,2416297,10978828537,1404-06-04
2025-08-27,2435080,2415770,2415970,2431039,8649124457,1404-06-05
2025-08-30,2425340,2395520,2425340,2395695,10909922121,1404-06-08
2025-08-31,2430150,2403060,2403060,2430150,11104624637,1404-06-09
2025-09-02,2477160,2437860,2437860,2477159,7428774139,1404-06-11
2025-09-03,2523530,2496900,2496900,2523539,14131975650,1404-06-12
2025-09-06,2550440,2540310,2540310,2542851,18687300433,1404-06-15
2025-09-07,2570650,2540980,2541920,2570657,13873638762,1404-06-16
2025-09-08,2623290,2578560,2578560,2623296,12378510859,1404-06-17
2025-09-09,2643790,2627680,2641980,2629183,21691096069,1404-06-18
2025-09-13,2631300,2628990,2631300,2630488,12647492815,1404-06-22
2025-09-14,2676980,2631960,2631960,2676989,15159112433,1404-06-23
2025-09-15,2696450,2676970,2690150,2677040,23412545587,1404-06-24
2025-09-16,2675130,2629290,2675130,2630808,13713483457,1404-06-25
2025-09-17,2622250,2591910,2622250,2593171,12232203667,1404-06-26
2025-09-20,2578520,2542500,2578520,2542597,10423134659,1404-06-29
2025-09-21,2522550,2504010,2522550,2504453,20330975423,1404-06-30
2025-09-22,2540440,2513180,2513180,2540174,11284117555,1404-06-31
2025-09-23,2546370,2538350,2541430,2544273,9716499493,1404-07-01
2025-09-24,2532420,2521950,2532420,2524256,13874601003,1404-07-02
2025-09-27,2577520,2536140,2536140,2577526,11952225824,1404-07-05
2025-09-28,2639370,2591540,2591540,2639373,9011957088,1404-07-06
2025-09-29,2700530,2654500,2654500,2700531,13674534484,1404-07-07
2025-09-30,2745350,2735170,2741160,2735177,31664254398,1404-07-08
2025-10-01,2730330,2712570,2723260,2728485,20945436475,1404-07-09
2025-10-04,2793330,2760850,2760850,2793334,10232760328,1404-07-12
2025-10-05,2854060,2818690,2818690,2854059,34797989258,1404-07-13
2025-10-06,2900400,2883700,2883700,2890697,33598237767,1404-07-14
2025-10-07,2936010,2892870,2892870,2932145,25299534974,1404-07-15
2025-10-08,2949340,2925710,2948960,2926059,37203234395,1404-07-16
2025-10-11,2959990,2929700,2929700,2950343,22944600548,1404-07-19
2025-10-12,3018750,2962210,2962210,3018752,20127301295,1404-07-20
2025-10-13,3051340,3042190,3046110,3042934,31753282579,1404-07-21
2025-10-14,3046330,3016100,3043440,3016114,40968119258,1404-07-22
2025-10-15,2995600,2972220,2995600,2974531,31552852179,1404-07-23
2025-10-18,3048970,3003640,3003640,3048978,19437885657,1404-07-26
2025-10-19,3093600,3078300,3078300,3087820,28008517334,1404-07-27
2025-10-20,3085950,3056660,3085950,3056677,29643133484,1404-07-28
2025-10-21,3068480,3052120,3056630,3052279,23670075544,1404-07-29
2025-10-22,3079820,3063060,3063290,3079824,23304129058,1404-07-30
2025-10-25,3074650,3059200,3074650,3060107,27483102372,1404-08-03
2025-10-26,3085390,3070990,3070990,3084243,19880455315,1404-08-04
2025-10-27,3127660,3096150,3096150,3127645,26027048636,1404-08-05
2025-10-28,3177520,3162810,3162810,3175618,25588676562,1404-08-06
2025-10-29,3209110,3196370,3200460,3209112,23563175202,1404-08-07
2025-11-01,3234660,3207390,3223390,3207449,31709342553,1404-08-10
2025-11-02,3217750,3190160,3200370,3217613,24341246195,1404-08-11
2025-11-03,3267450,3239310,3239310,3265335,33472105736,1404-08-12
2025-11-04,3256610,3224300,3256610,3224332,32101027500,1404-08-13
2025-11-05,3211910,3187860,3211910,3202890,27193925596,1404-08-14
2025-11-08,3246670,3217770,3217770,3224031,18446044053,1404-08-17
2025-11-09,3213330,3151320,3213330,3151335,18770768041,1404-08-18
2025-11-10,3130580,3114400,3130580,3114580,28379940888,1404-08-19
2025-11-11,3132320,3106510,3120980,3106963,16277188808,1404-08-20
2025-11-12,3104650,3092250,3104650,3098763,13278186587,1404-08-21
2025-11-15,3106160,3101330,3102370,3105525,11054872947,1404-08-24
2025-11-16,3139580,3110420,3110420,3139589,15822601616,1404-08-25
2025-11-17,3186080,3154430,3154430,3175113,17148407071,1404-08-26
2025-11-18,3171370,3160150,3171370,3160181,14092771294,1404-08-27
2025-11-19,3168560,3162130,3164260,3168563,13687271151,1404-08-28
2025-11-22,3198550,3172430,3172430,3197705,12686325792,1404-09-01
2025-11-23,3251400,3208870,3208870,3251301,18090588072,1404-09-02
2025-11-25,3304680,3264770,3264770,3303820,23260893978,1404-09-04
2025-11-26,3313900,3281990,3313400,3282354,22401224433,1404-09-05
2025-11-29,3299710,3272970,3285880,3273043,21969902761,1404-09-08
2025-11-30,3274470,3259420,3272160,3274378,16032624873,1404-09-09
